-- phpMyAdmin SQL Dump
-- version 4.4.15.1
-- http://www.phpmyadmin.net
--
-- Host: 127.0.0.1
-- Generation Time: Oct 02, 2017 at 02:47 PM
-- Server version: 5.6.25
-- PHP Version: 5.3.29

SET SQL_MODE = "NO_AUTO_VALUE_ON_ZERO";
SET time_zone = "+00:00";


/*!40101 SET @OLD_CHARACTER_SET_CLIENT=@@CHARACTER_SET_CLIENT */;
/*!40101 SET @OLD_CHARACTER_SET_RESULTS=@@CHARACTER_SET_RESULTS */;
/*!40101 SET @OLD_COLLATION_CONNECTION=@@COLLATION_CONNECTION */;
/*!40101 SET NAMES utf8mb4 */;

--
-- Database: `MIT_DB`
--

-- --------------------------------------------------------

--
-- Table structure for table `admission_std_relation`
--

CREATE TABLE IF NOT EXISTS `admission_std_relation` (
  `USID` int(100) NOT NULL,
  `session_id` int(10) NOT NULL,
  `sem_id` int(10) NOT NULL,
  `date_of_admission` date NOT NULL,
  `other` varchar(100) NOT NULL,
  `isActive` int(1) NOT NULL
) ENGINE=InnoDB DEFAULT CHARSET=latin1;

--
-- Dumping data for table `admission_std_relation`
--

INSERT INTO `admission_std_relation` (`USID`, `session_id`, `sem_id`, `date_of_admission`, `other`, `isActive`) VALUES
(1, 4, 0, '2017-09-13', '131313', 1),
(2, 4, 0, '0000-00-00', '', 0),
(3, 4, 1, '0000-00-00', '', 0),
(4, 4, 1, '0000-00-00', '', 0),
(5, 4, 8, '2017-09-28', 'kjhhkhh', 1),
(6, 4, 0, '2017-10-02', '131313', 1);

-- --------------------------------------------------------

--
-- Table structure for table `college`
--

CREATE TABLE IF NOT EXISTS `college` (
  `id` int(1) NOT NULL,
  `current_session_id` int(10) NOT NULL
) ENGINE=InnoDB DEFAULT CHARSET=latin1;

--
-- Dumping data for table `college`
--

INSERT INTO `college` (`id`, `current_session_id`) VALUES
(1, 4);

-- --------------------------------------------------------

--
-- Table structure for table `course`
--

CREATE TABLE IF NOT EXISTS `course` (
  `id` int(1) NOT NULL,
  `name` varchar(30) NOT NULL,
  `abv` varchar(10) NOT NULL,
  `isActive` int(1) NOT NULL
) ENGINE=InnoDB AUTO_INCREMENT=5 DEFAULT CHARSET=latin1;

--
-- Dumping data for table `course`
--

INSERT INTO `course` (`id`, `name`, `abv`, `isActive`) VALUES
(1, 'Bachelor of Engineering', 'B.E', 1),
(2, 'Master of Technology', 'M.Tech', 1),
(3, 'mnmn', 'mnmnmnm', 0),
(4, 'sada', 'asa', 0);

-- --------------------------------------------------------

--
-- Table structure for table `department`
--

CREATE TABLE IF NOT EXISTS `department` (
  `id` int(10) NOT NULL,
  `name` varchar(30) NOT NULL,
  `isActive` int(1) NOT NULL
) ENGINE=InnoDB AUTO_INCREMENT=6 DEFAULT CHARSET=latin1;

--
-- Dumping data for table `department`
--

INSERT INTO `department` (`id`, `name`, `isActive`) VALUES
(1, 'CSE', 1),
(2, 'Library', 1),
(3, 'Examination', 1),
(4, 'Account Section', 1),
(5, 'Science And Humanities', 1);

-- --------------------------------------------------------

--
-- Table structure for table `designation`
--

CREATE TABLE IF NOT EXISTS `designation` (
  `id` int(10) NOT NULL,
  `name` varchar(30) NOT NULL,
  `isActive` int(1) NOT NULL
) ENGINE=InnoDB AUTO_INCREMENT=3 DEFAULT CHARSET=latin1;

--
-- Dumping data for table `designation`
--

INSERT INTO `designation` (`id`, `name`, `isActive`) VALUES
(1, 'Teaching', 1),
(2, 'Non-Teaching', 1);

-- --------------------------------------------------------

--
-- Table structure for table `emp_col_relation`
--

CREATE TABLE IF NOT EXISTS `emp_col_relation` (
  `UEID` int(100) NOT NULL,
  `dept_id` int(10) NOT NULL,
  `deg_id` int(10) NOT NULL,
  `role_id` int(10) NOT NULL
) ENGINE=InnoDB DEFAULT CHARSET=latin1;

--
-- Dumping data for table `emp_col_relation`
--

INSERT INTO `emp_col_relation` (`UEID`, `dept_id`, `deg_id`, `role_id`) VALUES
(1, 1, 1, 1),
(11, 1, 1, 1);

-- --------------------------------------------------------

--
-- Table structure for table `emp_details`
--

CREATE TABLE IF NOT EXISTS `emp_details` (
  `UEID` int(100) NOT NULL,
  `name` varchar(200) NOT NULL,
  `address` varchar(300) NOT NULL,
  `mobile` varchar(15) NOT NULL,
  `qualification` varchar(50) NOT NULL,
  `email` varchar(100) NOT NULL,
  `gender` varchar(10) NOT NULL,
  `isActive` int(1) NOT NULL
) ENGINE=InnoDB AUTO_INCREMENT=12 DEFAULT CHARSET=latin1;

--
-- Dumping data for table `emp_details`
--

INSERT INTO `emp_details` (`UEID`, `name`, `address`, `mobile`, `qualification`, `email`, `gender`, `isActive`) VALUES
(1, 'Adam', 'Thangapat', '7005614625', 'MTech', 'a@gmail.com', 'Male', 1),
(2, 'Tomba', 'Kakwa', '7005614625', 'BA', 'tomba@gmail.com', 'Male', 1),
(3, 'Rohit', 'Thangmeiband', '9098765431', 'MTech', 'rohit@hotmail.com', 'Male', 1),
(4, 'Sachin', 'Mumbai', '9908978654', '10+2', 'sachin@gmail.com', 'Male', 1),
(5, 'Sachin', 'Mumbai', '9908978654', '10+2', 'sachin@gmail.com', 'Male', 1),
(6, 'Bill Gates', 'Mountain View', '1234567890', 'MS', 'bill@live.com', 'Male', 1),
(7, 'Bill Gates', 'Mountain View', '1234567890', 'MS', 'bill@live.com', 'Male', 1),
(8, 'Lary Pages', 'Mountain View', '1234567890', 'MS', 'lary@gmail.com', 'Male', 1),
(9, 'Steve Jobs', 'Mountain View LA', '1234567890', 'BTech', 'Steve@icloud.com', 'Male', 1),
(10, 'd', 'e', 'f', 'fq', 'f@gmai.com', 'Female', 1),
(11, 'Sapam jitu', 'Khurai', '1234567890', 'MTech', 's.jitu@gmail.com', 'Male', 1);

-- --------------------------------------------------------

--
-- Table structure for table `emp_login`
--

CREATE TABLE IF NOT EXISTS `emp_login` (
  `UEID` int(100) NOT NULL,
  `user` varchar(100) NOT NULL,
  `password` varchar(100) NOT NULL,
  `isFirst` int(1) NOT NULL
) ENGINE=InnoDB DEFAULT CHARSET=latin1;

--
-- Dumping data for table `emp_login`
--

INSERT INTO `emp_login` (`UEID`, `user`, `password`, `isFirst`) VALUES
(1, 'adam121', 'welcome@1', 1),
(11, 'jitu', 'welcome', 1);

-- --------------------------------------------------------

--
-- Table structure for table `exam_details`
--

CREATE TABLE IF NOT EXISTS `exam_details` (
  `id` int(100) NOT NULL,
  `sem_id` int(10) NOT NULL,
  `exam_type_id` int(10) NOT NULL,
  `USID` int(100) NOT NULL,
  `session_id` int(10) NOT NULL,
  `status` int(3) NOT NULL,
  `mark_scored` varchar(10) NOT NULL,
  `Grand_total` varchar(10) NOT NULL,
  `marksheet_no` varchar(50) NOT NULL,
  `DOE` date NOT NULL,
  `DOR` date NOT NULL,
  `DOP` date NOT NULL,
  `isActive` int(1) NOT NULL
) ENGINE=InnoDB DEFAULT CHARSET=latin1;

-- --------------------------------------------------------

--
-- Table structure for table `exam_type`
--

CREATE TABLE IF NOT EXISTS `exam_type` (
  `id` int(1) NOT NULL,
  `name` varchar(20) NOT NULL,
  `isActive` int(1) NOT NULL
) ENGINE=InnoDB AUTO_INCREMENT=5 DEFAULT CHARSET=latin1;

--
-- Dumping data for table `exam_type`
--

INSERT INTO `exam_type` (`id`, `name`, `isActive`) VALUES
(1, 'Regular', 1),
(2, 'Back 1', 1),
(3, 'Back 2', 1),
(4, 'Back 3', 1);

-- --------------------------------------------------------

--
-- Table structure for table `login_history`
--

CREATE TABLE IF NOT EXISTS `login_history` (
  `id` int(11) NOT NULL,
  `login_by` int(11) NOT NULL,
  `name` varchar(50) NOT NULL,
  `date_time` timestamp NOT NULL DEFAULT CURRENT_TIMESTAMP ON UPDATE CURRENT_TIMESTAMP,
  `ip_address` varchar(50) NOT NULL
) ENGINE=InnoDB DEFAULT CHARSET=latin1;

-- --------------------------------------------------------

--
-- Table structure for table `page_manager`
--

CREATE TABLE IF NOT EXISTS `page_manager` (
  `id` int(10) NOT NULL,
  `site_map_id` int(10) NOT NULL,
  `role_id` int(10) NOT NULL,
  `isActive` int(1) NOT NULL
) ENGINE=InnoDB AUTO_INCREMENT=19 DEFAULT CHARSET=latin1;

--
-- Dumping data for table `page_manager`
--

INSERT INTO `page_manager` (`id`, `site_map_id`, `role_id`, `isActive`) VALUES
(1, 1, 1, 1),
(2, 2, 1, 1),
(3, 3, 1, 1),
(4, 4, 1, 1),
(5, 5, 1, 1),
(6, 6, 1, 1),
(7, 7, 1, 1),
(8, 8, 1, 1),
(9, 9, 1, 1),
(10, 10, 1, 1),
(11, 11, 1, 1),
(12, 12, 1, 1),
(13, 13, 1, 1),
(14, 14, 1, 1),
(15, 15, 1, 1),
(16, 13, 0, 0),
(17, 14, 0, 0),
(18, 16, 1, 1);

-- --------------------------------------------------------

--
-- Table structure for table `role`
--

CREATE TABLE IF NOT EXISTS `role` (
  `id` int(10) NOT NULL,
  `name` varchar(10) NOT NULL,
  `isActive` int(1) NOT NULL
) ENGINE=InnoDB AUTO_INCREMENT=3 DEFAULT CHARSET=latin1;

--
-- Dumping data for table `role`
--

INSERT INTO `role` (`id`, `name`, `isActive`) VALUES
(1, 'ADMIN', 1),
(2, 'CLERK', 1);

-- --------------------------------------------------------

--
-- Table structure for table `semester`
--

CREATE TABLE IF NOT EXISTS `semester` (
  `id` int(2) NOT NULL,
  `name` varchar(20) NOT NULL,
  `isActive` int(1) NOT NULL
) ENGINE=InnoDB AUTO_INCREMENT=11 DEFAULT CHARSET=latin1;

--
-- Dumping data for table `semester`
--

INSERT INTO `semester` (`id`, `name`, `isActive`) VALUES
(1, '1st Semester', 1),
(2, '2nd Semester', 1),
(3, '3rd Semester', 1),
(4, '4th Semester', 1),
(5, '5th Semester', 1),
(6, '6th Semester', 1),
(7, '7th Semester', 1),
(8, '8th Semester', 1),
(9, '9th Semesters', 0),
(10, 'sdasd', 0);

-- --------------------------------------------------------

--
-- Table structure for table `session`
--

CREATE TABLE IF NOT EXISTS `session` (
  `id` int(5) NOT NULL,
  `name` varchar(30) NOT NULL,
  `isActive` int(1) NOT NULL
) ENGINE=InnoDB AUTO_INCREMENT=5 DEFAULT CHARSET=latin1;

--
-- Dumping data for table `session`
--

INSERT INTO `session` (`id`, `name`, `isActive`) VALUES
(1, '2014-15', 0),
(2, '2015-16', 0),
(3, '2016-17', 0),
(4, '2017-18', 1);

-- --------------------------------------------------------

--
-- Table structure for table `site_map`
--

CREATE TABLE IF NOT EXISTS `site_map` (
  `id` int(10) NOT NULL,
  `name` varchar(30) NOT NULL,
  `css` varchar(20) NOT NULL,
  `url` varchar(50) NOT NULL,
  `site_map_id` int(10) NOT NULL DEFAULT '0',
  `isActive` int(1) NOT NULL
) ENGINE=InnoDB AUTO_INCREMENT=17 DEFAULT CHARSET=latin1;

--
-- Dumping data for table `site_map`
--

INSERT INTO `site_map` (`id`, `name`, `css`, `url`, `site_map_id`, `isActive`) VALUES
(1, 'Student Registration', 'fa fa-user-plus', 'student/registration', 0, 1),
(2, 'Employee Registration', 'fa fa-group', 'employee/registration', 0, 1),
(3, 'Department Master', 'fa fa-briefcase', 'utility/department', 15, 1),
(4, 'Designation Master', 'fa fa-address-card', 'utility/designation', 15, 1),
(5, 'User Master', 'fa fa-user-circle-o', 'utility/user', 15, 1),
(6, 'Role Master', 'fa fa-id-badge', 'utility/role', 15, 1),
(7, 'Semester Master', 'fa fa-list-ol', 'utility/semester', 15, 1),
(8, 'Trade Master', 'fa fa-sitemap', 'utility/trade', 15, 1),
(9, 'Course Master', 'fa fa-mortar-board', 'utility/course', 15, 1),
(10, 'Exam Master', 'fa fa-pencil-square', 'utility/exam', 15, 1),
(11, 'Session Master', 'fa fa-calendar', 'utility/session', 15, 1),
(12, 'Page Master', 'fa fa-sticky-note', 'utility/page', 15, 1),
(13, 'Admission', 'fa fa-link', 'student/admission', 0, 1),
(14, 'Student List', 'fa fa-id-card', 'student/list', 0, 1),
(15, 'Utility', 'fa fa-wrench\n', '#', 0, 1),
(16, 'Examination Data', 'fa fa-upload', 'student/exam-result', 0, 1);

-- --------------------------------------------------------

--
-- Table structure for table `std_col_relation`
--

CREATE TABLE IF NOT EXISTS `std_col_relation` (
  `USID` int(100) NOT NULL,
  `MU_roll` varchar(20) NOT NULL,
  `reg_no` varchar(30) NOT NULL,
  `reg_year` varchar(10) NOT NULL,
  `course_id` int(10) NOT NULL,
  `trade_id` int(10) NOT NULL,
  `isActive` int(1) NOT NULL
) ENGINE=InnoDB DEFAULT CHARSET=latin1;

--
-- Dumping data for table `std_col_relation`
--

INSERT INTO `std_col_relation` (`USID`, `MU_roll`, `reg_no`, `reg_year`, `course_id`, `trade_id`, `isActive`) VALUES
(1, '142026', '1430073', '2014', 1, 1, 1),
(2, '182026', '1830073', '2018', 2, 1, 1),
(3, '141026', '1410073', '2014', 1, 2, 1),
(4, '143026', '1410083', '2018', 2, 2, 1),
(5, '142001', '1020100123', '2011', 1, 1, 1),
(6, '', '', '', 1, 1, 1);

-- --------------------------------------------------------

--
-- Table structure for table `student_details`
--

CREATE TABLE IF NOT EXISTS `student_details` (
  `USID` int(100) NOT NULL,
  `title` varchar(10) NOT NULL,
  `firstname` varchar(50) NOT NULL,
  `middlename` varchar(50) NOT NULL,
  `lastname` varchar(50) NOT NULL,
  `mName` varchar(100) NOT NULL,
  `fName` varchar(100) NOT NULL,
  `pAddress` varchar(300) NOT NULL,
  `cAddress` varchar(300) NOT NULL,
  `phone` varchar(15) NOT NULL,
  `mobile` varchar(15) NOT NULL,
  `gender` varchar(10) NOT NULL,
  `dob` date NOT NULL,
  `religion` varchar(20) NOT NULL,
  `nationality` varchar(20) NOT NULL,
  `category` varchar(30) NOT NULL,
  `reserve_cat` int(1) NOT NULL,
  `phy_han` int(1) NOT NULL,
  `eco_back` int(1) NOT NULL,
  `photo` longblob NOT NULL,
  `added_by` int(1) NOT NULL,
  `added_on` timestamp NOT NULL DEFAULT CURRENT_TIMESTAMP ON UPDATE CURRENT_TIMESTAMP,
  `isActive` int(1) NOT NULL
) ENGINE=InnoDB AUTO_INCREMENT=7 DEFAULT CHARSET=latin1;

--
-- Dumping data for table `student_details`
--

INSERT INTO `student_details` (`USID`, `title`, `firstname`, `middlename`, `lastname`, `mName`, `fName`, `pAddress`, `cAddress`, `phone`, `mobile`, `gender`, `dob`, `religion`, `nationality`, `category`, `reserve_cat`, `phy_han`, `eco_back`, `photo`, `added_by`, `added_on`, `isActive`) VALUES
(1, 'Mr', 'Ningthoujam', 'Borison', 'Singh', 'Ningthoujam Mema Devi', 'Ningthoujam Tompishak Singh', 'Moirangkampu', 'Moirangkampu', '9615865655', '9089779715', 'Male', '1996-07-08', 'Meitei', 'Indian', 'General', 0, 0, 0, '', 0, '2017-09-13 11:28:12', 1);
INSERT INTO `student_details` (`USID`, `title`, `firstname`, `middlename`, `lastname`, `mName`, `fName`, `pAddress`, `cAddress`, `phone`, `mobile`, `gender`, `dob`, `religion`, `nationality`, `category`, `reserve_cat`, `phy_han`, `eco_back`, `photo`, `added_by`, `added_on`, `isActive`) VALUES
(2, 'Mr', 'Ningthoujam', 'Borison', 'Singh', 'Ningthoujam Mema Devi', 'Ningthoujam Tompishak Singh', 'Moirangkampu', 'Moirangkampu', '9615865655', '9089779715', 'Male', '1996-07-08', 'Meitei', 'Indian', 'General', 0, 0, 0, 0x646174613a696d6167652f6a7065673b6261736536342c2f396a2f34524730525868705a674141545530414b674141414167414441454141414d4141414142413845414141454241414d4141414142425141414141454341414d4141414144414141416e67454741414d4141414142414149414141455341414d4141414142414145414141455641414d414141414241414d4141414561414155414141414241414141704145624141554141414142414141417241456f41414d41414141424141494141414578414149414141416d4141414174414579414149414141415541414141326f647041415141414141424141414138414141415367414341414941416741416268754141416e45414142754734414143635151575276596d5567554768766447397a6147397749454e44494449774d5455754e53416f5457466a6157353062334e6f4b5141794d4445334f6a41354f6a4179494449774f6a45334f6a513241414141414153514141414841414141424441794d6a4767415141444141414141662f2f41414367416741454141414141514141414d6967417741454141414141514141414f594141414141414141414267454441414d41414141424141594141414561414155414141414241414142646745624141554141414142414141426667456f41414d41414141424141494141414942414151414141414241414142686749434141514141414142414141514a6741414141414141414249414141414151414141456741414141422f396a2f3751414d51575276596d56665130304141762f75414135425a4739695a51426b674141414141482f32774345414177494341674a4341774a4351775243776f4c45525550444177504652675445785554457867524441774d4441774d4551774d4441774d4441774d4441774d4441774d4441774d4441774d4441774d4441774d444177424451734c4451344e4541344f4542514f446734554641344f446734554551774d4441774d4552454d4441774d444177524441774d4441774d4441774d4441774d4441774d4441774d4441774d4441774d4441774d44502f4141424549414b414169774d4249674143455145444551482f3351414541416e2f7841452f41414142425145424151454241514141414141414141414441414543424155474277674a4367734241414546415145424151454241414141414141414141454141674d454251594843416b4b43784141415151424177494541675548426767464177777a4151414345514d45495249784255465259524d6963594579426853526f62464349795156557346694d7a52796774464442795753552f446838574e7a4e526169736f4d6d524a4e555a4558436f33513246394a56346d5879733454443033586a3830596e6c4b5346744a5845314f54307062584631655831566d5a326870616d74736257357659335231646e6434655870376648312b66334551414341674543424151444241554742776347425455424141495241794578456752425557467849684d464d6f4752464b477851695042557448774d79526934584b436b6b4e5446574e7a4e50456c42686169736f4d484a6a5843306b5354564b4d585a4556564e6e526c34764b7a684d50546465507a5270536b68625356784e546b394b57317864586c39565a6d646f615770726247317562324a7a6448563264336835656e7438662f3267414d41774541416845444551412f41505157564d4c5a326a6764677069716f637461666b457a4f41504c6a354b59356e762b5078537443336f316165787677674a656a564830472f356f5574492b3752496153667970576d6d506f31782f4e742b344b4271703773627235446a376b516b4b726d35754e6830472f4a654b362b4e65536633577448306e4a57706d57306337473636665248397967526a67456c6a415045687135547148317a76736357346242533355656f2f33502b4c5239426977736e71575a6c4f4a7675665953667a69662b70547847523846704966516a6b644f42314e492f7a55526a73523330575675486b476b6665764d6934446c4571796261544e54334d672f6d6b6a356f384a3772626653396c423472596637492f755532736f34394e6e2b6150376c776d4839614f6f34376748754752574e4e7274486632586864563076724f483143734f726474662b64576670412f392b2f724945454a42446f2b6e542b347966366f2f75556653716d4e6a667543666349534a5039365670592b6e584f72572f63452b316b2f52452f414a412b504366542b394a5448617a393176334b4f317537676378782f4a556964592b386f632f704f652f774433784a542f41502f5139445a7177664a544248486273684d6b744862795241646466755355755433534b596d6676374b4d79504e4a5457366c3144483666695079722f6f4d3061304856376a39466a5035533838366e31532f5079485a4753365354375744364c522b617869742f577671357a756f757172642b72596b73724859762f77746e2f6646676b7535376b614b5345644c4f35576b36307a645a3470743441353150676f627454334b514a50416b2b4138453630414d793866475532342f424772787248787048676a6a7037794e4e436d6e4a4875794446496a5a71423275714e693556754e633236703231374449506a35464b334374594354716763487a3454675156686752754b6652656b3954727a635a6c6a5a6b2f5348377268394a726c6f38445263463957756f4f786339745250364c493972682f4b2f4d642f7742395864566d52796d53464b444c583730774d4458354a3970556f42306a356f4b596768442f414d4e782b6638412b696b61427a3449502f616d492f7773662b41536b702f2f3066514b3432696641517074486238454a6e44664d4245425077504b436d583865566d66574c7148374f36546b5a4454466d335a5634376e2b774c546c635839667375583475453367546338663943762f763649466b4254796e41426472484a55544a314f6743596e6338654464666d6f6c3565384163647637314d5451514261656967327541695a374c5a78656c746130534e65366a305870316c70395136436446305665453573412f655656795a44644e7a486a414630357457414271417241786d4e4776337137396d65536d666a6c6f3978487a3055566c6b63692f4741422f6973624f7874704c32446a6c64466b4e72412b6d3337316c5a54524261645137672b4b6c684967736334786b433546547a4735736877316b4858547576524f6a5a677a4d437135706b6b5138635134614f586d7a48427279302b4d4c712f71586e62624c734a32732f704b3538526f39763970575a624e4a363465486970664e524771556a346e68527158342f4a3831583348375a482f6469502f5a6155596b716e765032324a2f37552f384175704b4b6e2f2f53373568686f2b414d6371594f757148575a6150682f425442303554564d69523846356c395a386f333961796e79544476536235426768656d62674e664153666c71764873323857354e31732b31316a7a3937693550782f4e3946485a6735774144516670616e344b783037467963724969686f6e7864354b6753542f41466e4c63364a6d507858437168725057733064646239426e7861314f6d53426f7578674532656a304f493371654d786a5030526a36554c55787262695973627a344c6d63667158575835447a65665a574a6333594e726a4830616e4e2f6c2f51642b34756a70754e6257754f6d34416c7668503571717a734857766f3234366a7239552b5135345a46656a6a33575a5a687475644e7233504a35312f497257526d42784161494c7456547a57767359786a585062572f654c48312f5361592f5266324e2f77424e434f2f5a52476957766f3354774a395063664863566e6451775756744a70304131326e586a7756436e48366b3279787a6e573075415070624358626959322f324671554f7962715133496a31576953654a2f38414d6b383348394c695777313655386a6c2b334b634f4a31487a576e3957386e302b73347a7959336b74493879465436375636575743507a6d7a39785658457664566658617a36544874655069444b73784e78486b314d67716368347672726536524a2b48696f5532437974746734654134664d5370794a545672456e376c52336e3766482f6432506e396a6c585434724e6e2f4b482f74516a742f3343533771662f2f54377468396f2b415535516d48326a34425442345455684631473455395079726550547073645038415a4b38626b37472b592f38414d6c3633395937417a6f485558482f754f386666375635452b542f65704d66564574676b70334f74594239493841654a4d4c30506f2f524759754d7a633047776958456a5756776e516d7466316246596451586748356172315048634e753152353561674e6a6c78365366467273776d423237734e516735546d7463474e477038504258376e6b4d30456b396c6d5758555535444858626e75756474454e4c6d746a6a66742b676f447132413163677561397275494b7634675a625765386f48564d72467232744c4850446e41666f77584f456d506f742f645573466e705a44716d6e6377487638457569543362624d634e4d48554852427a4b41305477726f41416b4b6a6c327a493741614a4970347a36782f306d73486e616679724b787a2b6e7242343341452f4572512b736279636f476541422f465a7a44507538442b5258636679426f5a2f7743634c3631686773784b4739777749705666447344364b704d7a57324350434566344a71785230486950425a65372f4b452f2b624f502f5a4a615a4b795a50322f6e2f76576a2f77426b306831552f77442f314f3359375166424542434255584f624c6d6c6e674a426b646e2f326b567161706f665757733239417a36775472564a6a6d4151584c79577a3644534232374c31767239346f364a6d32482f4145546d4434762f4145592f367065547670495a365a35476d716b78395653314153644a753948714f4c5965473274422b66745871474c594967386a75764b48746457305047685a447638414e4d72306e702b554c736175356a706261774f487a436935676167746a6c6a36544836756c6b58625765336e78564d753250446e474a354869504e4b35316b533175346a67646c6a327636686265647a6731335a704a6a2b796f5978346d356968786d727031626261496d7632764a49506a4361747872416a6761797365796e4d457563356750637970595032317a6f33666f6549643350386c4f4d4b47374a6c77694173532b31364a6d55437a7a437a38797a6c54322b6b77475a42576231504d5a52525a6334364d42507a374a736432455542627a58584d76487565316c5a3357746337315852774f4e6e387055364853492f465658504c6e467a75584863664d6c46787950486736713947504341484d6e50696d5433665575695874763658695741796654327538693332725233514f467a58314b796655774c4d636e335550304150357239563059383077376f4b78635365466b376a39756d422f7978482f7370433169466a793337624d2f3937502f414c714a6431502f31653262394561646c49465161666149557564416d71636e7237686b58645036647932363433334477726f616250384170323746356b2b336461393038764a48336c642b32345a4f543154717a6a2b6770592f466f3751796f627237472f3841475775586d7a624474447535316b382b4b6b782f732f4e556a5144644a454545636777745836716463464f3370325336477a2b676566452f3446332f4148785941754f6b474e435434617170764f37386f345470774567515651796d424244363432774f4541396c4e6d4d323851596a7a43346e6f5858387173436a494a73726142736354376750442b557574707a32624151596e55453663716c4b4a676150344e364d7549435564457a2b6d30423036452f425637476974326d67436b2f714c5861416765666b7147586d4230747239353752776d325357516b6e633335704d6a4c61316b6b364478304334377266566a6e57656a562f52367a4d2f7645666e6631466f64614c3259547939327274493742637944506c706f465a7777473755356e4b5236427065374d756e3549324b66635155457449352b616e52754477523839565a61657476582f55764a637a714c715478637769422b3833337274777650507175397736786a78724a4f6e396b72304a70504b696e7576586364504a59302f726e2f74612f774464586862576b6172466b2f6265662b39762f7742314530485170662f5737514551465736706c6a4436646b5a4d7761717a735038414b50735a2f77424e794c766131736e376c672f57544f666254566731674e5a666455317a6a79514862336166752b314e7139463343302f7244594f6b2f564e6d494e4c4c324e6f2f744f5071332f3841666c353635776d4432303158542f58624b645a6b303162793574636c7a6a336337336639537555655a6738412f4e5451476c6e71574c4a4c58546f79645a426e73454d4f4f73475a3050775446336a3844436978323130386a6a564f4c474337665333535775376a53463258546e747371613133493058413464766f764475576e6b66334c72756c3551676136647667716d654a7533517753426a547432347a414a6766637166706953514e4f79746d7a65324353673544323156457567654b67424c4f3831395a3767327474593550622f795335746842647277427172335773733547513439687771465a6b6b6637466678527149632f6d4a6357513130624a414c476b63794e464f7353364f30542b4b4378323673664752386b56734634313067715269333164333672754936746a7a326352506b5156364d336865622f41466449485671504d79765277645079714b6536384c754f69787466747638413757702f396c46727549574e4a2b327a332f62502f756f6d6761464c2f39667250534c6d7a4f6f4f673761384c6c6575576a39716774357848306b2f327a742f373831646d476761396f313846772f57366e7436336b316765374b72396f4f6e76616655722f365661556431343675463961476b4f6f4a4f3450333266416e32612f3257726e482b50663841466456396151313956466a42465477584276634277447476396c6375356832364854377a4b6d687331386f504569506750424e332f697048512b5077547662456542546c695848734c584148364a304336446f313850326a6a6d5079726d36542b4f6b725336646361386e546e516e7767364f5557574e784c593565645344335662394154344c4a36356d467462745470704350586b6b314366425933584c584f594152795a4a2f67716d4f494d77337368714249374f4463386c786364436552344954644e50797156684a4d65422b4a5135473754364956384f584d36703250686f386951666755617369572b6568386c58476c54674e4a496a356f315a2b57736166424a41646e704675335071376177506a43372b692b30537761686733452b5338307862445865487a7178774943394a36555732597a37427148514a385a35544a426d6a71473848416a644d7a72354c4a334837622f7743316d66384132565776545646626d4754734d413934374c49394e3332332f7742724d663841736f6d31756c2f2f304f776659525752334b3566367a74325a2b4e6b676137682b425854774861486a5172452b736c42736253514a326e564162686648656e6d5072625163624c4c415a707462363149492b6a5030362f36725848324c6d4e7253505058767946312f77425a324f74796e4e662f41494448624238755678344d4754704850775573446f783542714c5157674e732b51385953503053486374504938442f414e55705a4c52366b2b4931486d46463272516633684a2b49436b595475574c5843543548552b4330656d4e4e6d55494d3751566d636e795776304b73767465534e4a414c76384158344a6d513141736d41584d423664394946496777592f46595057374364423234486a4769364a37523647703751755836733262534270794a506c376c55772f4f33732f383251354c4f43666b50687a4b514874506e2f66796c48332f6c556459385250627956317a436c624870417850616677553674476e79672f67684e4d3175426a54676338386f745439574552726f66464a51334463476c6e786143506b7652667175384f3657444f684131586d3748435736515143463358314e7465656e3274374e73343761684e6e737a5165757852376e547249574c366a6674382f77446d37384f333250617465677855392f6c41574e36492f6148502f657a7334372f596b7764567a2f2f5a2f2b305a6b6c426f62335276633268766343417a4c6a41414f454a4a5451514541414141414141504841466141414d624a556363416741414167414141446843535530454a51414141414141454d33502b6e326f7837344a425842327271384677303434516b6c4e42446f4141414141414f5541414141514141414141514141414141414333427961573530543356306348563041414141425141414141425163335254596d39766241454141414141535735305a5756756457304141414141535735305a5141414141424462484a7441414141443342796157353055326c346447566c626b4a7064474a76623277414141414143334279615735305a584a4f5957316c5645565956414141414145414141414141413977636d6c75644642796232396d5532563064584250596d706a4141414144414251414849416277427641475941494142544147554164414231414841414141414141417077636d39765a6c4e6c64485677414141414151414141414243624852755a573531625141414141786964576c7364476c7555484a76623259414141414a63484a7662325a4454566c4c41446843535530454f774141414141434c5141414142414141414142414141414141415363484a70626e52506458527764585250634852706232357a41414141467741414141424463485275596d3976624141414141414151327869636d4a76623277414141414141464a6e63303169623239734141414141414244636d3544596d397662414141414141415132353051324a7662327741414141414145786962484e6962323973414141414141424f5a335232596d397662414141414141415257317352474a76623277414141414141456c7564484a696232397341414141414142435932746e54324a715977414141414541414141414141425352304a444141414141774141414142535a4341675a473931596b4276344141414141414141414141414564796269426b6233566951472f67414141414141414141414141516d77674947527664574a41622b4141414141414141414141414243636d52555657353052694e536248514141414141414141414141414141414243624751675657353052694e536248514141414141414141414141414141414253633278305657353052694e51654778414a6f7a4d4141414141414141414170325a574e3062334a4559585268596d39766241454141414141554764516332567564573041414141415547645163774141414142515a314244414141414145786c5a6e5256626e524749314a73644141414141414141414141414141414146527663434256626e524749314a736441414141414141414141414141414141464e6a62434256626e5247493142795930425a41414141414141414141414145474e79623342586147567555484a70626e5270626d646962323973414141414141356a636d3977556d566a64454a766448527662577876626d6341414141414141414144474e79623342535a574e305447566d64477876626d6341414141414141414144574e79623342535a574e30556d6c6e614852736232356e41414141414141414141746a636d3977556d566a6446527663477876626d634141414141414468435355304437514141414141414541414c526d594141514143414174475a67414241414934516b6c4e42435941414141414141344141414141414141414141414150344141414468435355304544514141414141414241414141423434516b6c4e42426b414141414141415141414141654f454a4a5451507a414141414141414a414141414141414141414142414468435355306e454141414141414143674142414141414141414141414934516b6c4e412f554141414141414567414c325a6d4141454162475a6d4141594141414141414145414c325a6d414145416f5a6d614141594141414141414145414d67414141414541576741414141594141414141414145414e514141414145414c514141414159414141414141414534516b6c4e412f6741414141414148414141502f2f2f2f2f2f2f2f2f2f2f2f2f2f2f2f2f2f2f2f2f2f2f2f2f2f2f2f3844364141414141442f2f2f2f2f2f2f2f2f2f2f2f2f2f2f2f2f2f2f2f2f2f2f2f2f2f2f2f2f412b6741414141412f2f2f2f2f2f2f2f2f2f2f2f2f2f2f2f2f2f2f2f2f2f2f2f2f2f2f2f2f77506f4141414141502f2f2f2f2f2f2f2f2f2f2f2f2f2f2f2f2f2f2f2f2f2f2f2f2f2f2f2f3844364141414f454a4a5451514941414141414141514141414141514141416b414141414a4141414141414468435355304548674141414141414241414141414134516b6c4e42426f414141414141343041414141474141414141414141414141414141446d4141414179414141414377415677426f414745416441427a41454541634142774143414153514274414745415a77426c414341414d674177414445414e774174414441414f414174414441414f514167414745416441416741446b414c674177414441414c6741784144514149414251414530414c674271414841415a51426e4141414141514141414141414141414141414141414141414141414141414142414141414141414141414141414144494141414135674141414141414141414141414141414141414141414241414141414141414141414141414141414141414141414141424141414141424141414141414141626e5673624141414141494141414147596d3931626d527a54324a71597741414141454141414141414142535933517841414141424141414141425562334167624739755a77414141414141414141415447566d64477876626d6341414141414141414141454a30623231736232356e4141414135674141414142535a326830624739755a774141414d674141414147633278705932567a566d784d6377414141414650596d706a41414141415141414141414142584e7361574e6c41414141456741414141647a62476c6a5a556c45624739755a77414141414141414141485a334a766458424a52477876626d63414141414141414141426d397961576470626d5675645730414141414d52564e7361574e6c54334a705a326c754141414144574631644739485a57356c636d46305a5751414141414156486c775a575675645730414141414b52564e7361574e6c56486c775a5141414141424a6257636741414141426d4a766457356b63303969616d4d41414141424141414141414141556d4e304d51414141415141414141415647397749477876626d634141414141414141414145786c5a6e52736232356e41414141414141414141424364473974624739755a774141414f594141414141556d646f64477876626d63414141444941414141413356796246524657465141414141424141414141414141626e5673624652465746514141414142414141414141414154584e6e5a56524657465141414141424141414141414147595778305647466e564556595641414141414541414141414141356a5a5778735647563464456c7a5346524e54474a76623277424141414143474e6c624778555a5868305645565956414141414145414141414141416c6f62334a36515778705a32356c626e5674414141414430565462476c6a5a556876636e704262476c6e626741414141646b5a575a68645778304141414143585a6c636e524262476c6e626d5675645730414141415052564e7361574e6c566d56796445467361576475414141414232526c5a6d4631624851414141414c596d644462327876636c52356347566c626e5674414141414555565462476c6a5a554a485132397362334a556558426c4141414141453576626d55414141414a644739775433563063325630624739755a774141414141414141414b6247566d6445393164484e6c64477876626d6341414141414141414144474a76644852766255393164484e6c64477876626d6341414141414141414143334a705a3268305433563063325630624739755a774141414141414f454a4a5451516f414141414141414d41414141416a2f7741414141414141414f454a4a54515152414141414141414241514134516b6c4e424251414141414141415141414141424f454a4a5451514d4141414141424243414141414151414141497341414143674141414270414142426f41414142416d4142674141662f592f2b30414445466b62324a6c58304e4e41414c2f3767414f51575276596d55415a494141414141422f3973416841414d434167494351674d43516b4d4551734b437845564477774d4478555945784d5645784d594551774d4441774d4442454d4441774d4441774d4441774d4441774d4441774d4441774d4441774d4441774d4441774d4151304c4377304f4452414f446841554467344f4642514f4467344f4642454d4441774d444245524441774d4441774d4551774d4441774d4441774d4441774d4441774d4441774d4441774d4441774d4441774d44417a2f7741415243414367414973444153494141684542417845422f3930414241414a2f38514250774141415155424151454241514541414141414141414141774142416751464267634943516f4c41514142425145424151454241514141414141414141414241414944424155474277674a436773514141454541514d43424149464277594942514d4d4d77454141684544424345534d51564255574554496e47424d6759556b61477851694d6b46564c42596a4d30636f4c525177636c6b6c50773466466a637a55576f724b444a6b53545647524677714e304e68665356654a6c38724f4577394e31342f4e474a35536b68625356784e546b394b57317864586c39565a6d646f615770726247317562324e3064585a3365486c3665337839666e3978454141674942416751454177514642676348426755314151414345514d684d524945515646686353495442544b426b5253687355496a77564c5238444d6b5975467967704a445578566a637a54784a5159576f724b444279593177744a456b31536a4632524656545a305a654c79733454443033586a38306155704957306c6354553550536c74635856356656575a6e61476c7161327874626d396963335231646e64346558703766482f396f4144414d42414149524178454150774430466c544332646f3448594b597171484c576e35424d7a674479342b536d4f5a372f6a3855725174364e576e7362384943586f31523942762b61464c5350753053476b6e38715670706a364e63667a62667543676171653747362b51342b35454a43713575626a5964427679586975766a586b6e39317252394a7956715a6c74484f7875756e30522f636f455934424a59774478496175553668396337374846754777557431487150397a2f6930665159734c4a366c6d5a546962376e32456e38346e2f715538526b6642615348304935485467645453503831455937456439466c62683542704833727a49754135524b736d326b7a55397a49503570492b6150436536323330765a51654b32482b7950376c4e724b4f50545a2f6d6a2b35634a682f576a714f4f344237686b566a5461375233396c345856644c367a6839517244713362582f6e566e3651502f667636794242435151365070302f754d6e2b7150376c483071706a593337676e33434569542f656c61575070317a713176334250745a50305250774351506a776e302f7653557832732f646239796a74627534484d63667956496e5750764b485036546e763841393853552f77442f305051326173487955775278323749544a4c5232386b51485858376b6c4c6b3930696d4a6e372b796a4d6a7a53553175706451782b6e346a38712f36444e4774423165342f52597a2b5576504f703955767a386832526b756b6b2b31672b6930666d73597266317236756337714c7171336671324a4c4b78324c2f384c5a2f3378594a4c75653547696b6848537a7556704f744d3357654b6265414f6454344b47375539796b4354774a506750424f7441444d7648786c4e75507752713861783861523449343665386a5451707079523773677853493261676472716a597556626a584e7571647465777944342b525374777257416b366f4842382b4534454659594562696e3058705055363833475a59325a5030682b36346653613561504130584266567271447358506255542b69795061346679767a48663841665633565a6b63706b68536779312b394d4441312b536661564b4164492b61436d4949512f77444463666e2f41506f704767632b43442f32706950384c482f6745704b662f39483043754e6f6e77454b6252322f42435a77337a4152415438447967706c2f486c5a6e316936682b7a756b35475130785a743256654f352f7343303558462f58374c6c2b4c684e34453350482f51722f372b69425a4155387077415861787956457964546f416d4a33504867335835714a655876414848622b395445304541576e6f6f4e7267496d657932635870625774456a58756f394636645a6166554f676e52644658684f624150336c56636d5133546378347742644f6256674161674b774d5a6a52723936752f5a6e6b706e343561506352383946465a5a484976786741663472477a736261533967343558525a4461775070742b395a57553051576e554f345069705953494c484f4d5a417552553878756249634e5a423130377230546f32594d7a417175615a4a455048454f476a6c35737877613874506a433676366c35323279374364725036537566456150622f61566d577a53657548683471587a5552716c492b4a3455616c2b5079664e5639782b32522f33596a2f32576c474a4b70377a397469662b31502f414c715369702f2f30752b595961506744484b6d44727168316d576a3466775577644f553154496b6642655a6657664b4e2f577370386b7737306d2b51594958706d34445877456e35617278374e76467554646250746459382f6534755438667a66525232594f63414130483657702b4373644f78636e4b79496f614a385865536f456b2f77425a79334f695a6a385677716f617a31724e4858572f515a38577454706b67614c7359424e6e6f3944694e366e6a4d597a3945592b6c43314d6132346d4c47382b43356e48366c316c2b5138336e325669584e32446134783947707a663566304866754c6f36626a5731726a7075414a6234542b61717337423172364e754f6f362f56506b4f654752586f3439316d575962626e5461397a79656466794b316b5a67635147694337565538317237474d59317a3231763369783966306d6d503058396a66384154516a763255526f6c72364e303843665433487833465a33554d466c62536164414e6470313438465170782b704e7373633531744c67443657776c32346d4e763968616c44736d366b4e794939566f6b6e69662f41444a504e782f53346c734e656c5049356674796e446964523831702f56764a3950724f4d386d4e354c53504d68552b7531656c6c676a3835732f635656784c3356583132732b6b7837586a346779724d546352354e54494b6e49654c363633756b5366683471464e67737262594f48674f487a45716369553161784a2b355564352b33782f33646a352f593556302b4b7a5a2f79682f375549376639776b75366e2f2f302b375966615067464f554a68396f2b41557765453149526452754650543871336a30366248542f4147537647354f78766d502f41444a65742f574f774d36423146782f376a7648332b316552506b2f3371544831524c594a4b647a72574166535041486954433944365030526d4c6a4d334e4273496c7849316c634a304a72583957785748554634422b577139547833446274556565576f44593563656b6e7861374d4a676475374455494f55357258426a5271664477562b3535444e424a505a5a6c6c31464f517831323537726e62524453357259343337666f4b413674674e58494c6d7661376943722b494757316e764b4231544b7861397253787a77357748364d467a684a6a364c6633564c425a365751367070334d42372f424c6f6b3932327a48445442314230516379674e45384b3641414a436f356473794f774769534b654d2b7366394a724235326e38717973632f703677654e774250784b30507247386e4b426e674166785763777a3776412f6b563348386761476638416e432b7459594c4d536876634d434b56587737412b6971544d3174676a7768482b436173556442346a775758752f7968502f6d7a6a2f3253576d53736d543976352f37316f2f38415a4e4964565038412f395474324f3048775241516756467a6d7935705a3443515a485a2f397046616d716148316c724e76514d2b7345363153593567454679386c732b6730676475793962362f654b4f695a74682f77424535672b4c2f774247502b71586b37365347656d65527071704d6656557451456e53627652366a69324868747251666e37563668693243495049377279683758567444786f5751372f4144544b394a36666c43374772755936573273446838776f7559476f4c5935592b6b782b72705a4632316e74353856544c746a773578696552346a7a5375645a457462754934485a5939722b6f57336e63344e64326153592f7371474d654a75596f635a713664573232694a72397279534434776d7263617749344773724873707a424c6e4f5944334d715744397463364e3336486948647a2f4a546a436875795a6349674c45767465695a6c41733877732f4d7335553976704d426d51566d39547a47555557584f4f6a4154382b79624864684641573831317a4c78376e745a57643172584f39563063446a5a2f4b564f683069507856567a79357863376c7833487a4a5263636a78344f7176526a7767427a4a7a34706b3933314c6f6c37622b6c346c674d6e3039727649743971306430446863313953736e314d437a484a3931443941442b612f566447504e4d4f36437358456e685a4f342f627067663873522f374b517459685938742b327a502f657a2f774336695864542f3958746d2f52476e5a534255476e3269464c6e514a716e4a362b345a4633542b6e637475754e3977384b36476d7a2f414b647578655a507433577664504c795239355866747547546b39553673342f6f4b575078614f304d7147362b78762f41426c726c3573327737513775645a505069704d6637507a56493041335352424248494d4c562b716e5842547436646b7568732f6f486e78502b42642f77423857414c6a70426a516b2b477171627a752f4b4f45366342494546554d706751512b754e73446841505a545a6a4e764547493877754a3646312f4b72416f7943624b32676248452b3444772f6c4c726163396d7745474a31424f6e4b70536959476a2b44656a4c69416c48524d2f707441644f6850775665786f7264706f417050366931326749486e354b686c3567644c612f656530634a746b6c6b4a4a334e2b6154497932745a4a4f67386441754f3633315935316e6f31663065737a503778483533395261485769396d453876647137534f77584d677a3561614257634d4275314f5a796b65676158757a4c702b534e696e334546424c534f666d70306267384566505657576e7262312f314c79584d3669366b38584d496766764e393637634c7a7a367276634f735938617954702f5a4b39436154796f7037723133485479574e5036352f37577638413356345731704771785a5032336e2f76622f384164524e42304b582f3175304245425675715a59772b6e5a47544d47717337442f41436a3747663841546369373274624a2b355950316b7a6e323031594e5944575833564e6334386b423239326e377674546176526477745036773244705031545a69445379396a615037546a36742f2f414835656575634a6739744e56302f3132796e575a4e4e57387562584a633439334f39332f55726c486d595041507a553042705a366c6979533130364d6e57515a374244446a72426d644438457864342f41776f73647464504934315469786775333074306c7275343068646c303537624b6d7464794e46774f4862364c77376c703548397936377065554947756e62344b706e696274304d456759303764754d77435948334b6e36596b6b445473725a733374676b6f4f51397456524c6f48696f41537a764e665765344e7262574f54322f386b756259515861384161713931724c4f526b4f5059634b68575a4a482b7858385561694850356958466b4e64477951437870484d6a52547245756a74452f69677364757248786b664a466242654e64494b6b59743958642b7137694f725938396e4554354546656a4e34586d2f774258534231616a7a4d72306348543871696e757643376a6f73625837622f414f3171662f5a52613769466a53667473392f327a2f37714a6f4768532f2f58367a306935737a71446f4f3276433558726c6f2f616f4c656352394a50397337662b2f4e585a686f4776614e66426350317570376574354e59487579712f61447037326e314b2f2b6c576c4864654f72686657687044714354754439396e774a396d76396c7135782f6a332f4142585666576b4e66565259775255384677623341634137622f5a584c7559647568302b3879706f624e664b4478496a34447754642f34715230506a384537327848675535596c7837433177422b6964417567364e6644396f34356a387135756b2f6a704b30756e5847764a3035304a38494f6a6c466c6a6353324f586e55673931572f51452b437965755a68625737553661516a31354a4e516e77574e3179317a6d4145636d5366344b706a69444d4e37496167534f7a6733504a635848516e6b65434533545438716c59535448676669554f5275302b694666446c7a4f71646a346150496b4834464772496c766e6f664a5678705534445353492b614e57666c72476e775351485a365262747a36753273443477752f6f76744573476f594e78506b764e4d57773133683836736343417653656c46746d4d2b77616830436647655579515a6f36687642774933544d362b537964782b322f3841745a6e2f414e6c56723031525735686b37444150654f797950546439742f3841617a482f414c4b4a746270662f394473483245566b647975582b7337646d666a5a49477534666756303842326834304b7850724a516247306b4364703151473458783370356a3632304847797977476162572b745343506f7a394f762b7131783969356a61306a7a313738686466384157646a7263707a582f774341783277664c6c636544426b36527a38464c41364d6551616930466f4462506b5047456a394568334c547950412f7744564b575330657050694e5235685264713048393453666941704745376c6931776b2b523150677448706a545a6c43444f30465a6e4a386c723943724c37586b6a535143372f41462b435a6b4e514c4a67467a41656e66534253494d47507857443175776e5164754234786f7569653065687165304c6c2b724e6d306761636954356535564d507a7437502f4e6b4f537a676e35443463796b423754352f33387052392f3556485750455432386c64637770577836514d54326e38464f725270386f50344954544e62675930344850504b4c552f5668456136487853554e773342705a3857676a354c305836727644756c677a6f514e56357578776c756b4541686431395462586e703972657a624f4f326f545a374d3048727355653530367946692b6f33376650384135752f4474396a3272586f4d5650663551466a65695032687a2f3373374f4f2f324a4d4856632f2f3254684353553045495141414141414159514141414145424141414144774242414751416277426941475541494142514147674162774230414738416377426f414738416341414141426b415151426b414738415967426c414341415541426f414738416441427641484d4161414276414841414941424441454d4149414179414441414d514131414334414e514141414145414f454a4a54515147414141414141414841415541414141424151442f3451334c6148523063446f764c32357a4c6d466b62324a6c4c6d4e7662533934595841764d5334774c7741385033687759574e725a585167596d566e6157343949752b377679496761575139496c63315454424e63454e6c61476c49656e4a6c5533704f56474e3661324d355a43492f5069413865447034625842745a585268494868746247357a4f6e6739496d466b62324a6c4f6d357a4f6d316c64474576496942344f6e68746348527250534a425a4739695a53425954564167513239795a5341314c6a5974597a457a4d6941334f5334784e546b794f445173494449774d5459764d4451764d546b744d544d364d544d364e44416749434167494341674943492b494478795a475936556b5247494868746247357a4f6e4a6b5a6a30696148523063446f764c336433647935334d793576636d63764d546b354f5338774d6938794d6931795a47597463336c75644746344c57357a4979492b494478795a4759365247567a59334a706348527062323467636d526d4f6d46696233563050534969494868746247357a4f6e68746345314e50534a6f644852774f693876626e4d7559575276596d5575593239744c336868634338784c6a4176625730764969423462577875637a707a64455632644430696148523063446f764c32357a4c6d466b62324a6c4c6d4e7662533934595841764d5334774c334e556558426c4c314a6c63323931636d4e6c52585a6c626e516a4969423462577875637a706b597a30696148523063446f764c334231636d777562334a6e4c32526a4c3256735a57316c626e527a4c7a45754d533869494868746247357a4f6e426f6233527663326876634430696148523063446f764c32357a4c6d466b62324a6c4c6d4e76625339776147393062334e6f623341764d5334774c79496765473173626e4d366547317750534a6f644852774f693876626e4d7559575276596d5575593239744c336868634338784c6a4176496942346258424e5454704562324e316257567564456c4550534a685a4739695a54706b62324e705a4470776147393062334e6f623341364d4463344d7a67304e4445745a444133597930784d5464684c5749785a5451745a6d59304e5751344d7a42684d475932496942346258424e5454704a626e4e305957356a5a556c4550534a346258417561576c6b4f6d566b4d7a593059544d784c5445335a5755744e4441334e4330354d47557a4c544531597a6b784d7a6b304e4759795a694967654731775455303654334a705a326c755957784562324e316257567564456c45505349334e4549344d3056425244597a4f4545784f4441334d5452474e6b4a464d304d794d6b4a444f5467354d7949675a474d365a6d39796257463050534a706257466e5a5339716347566e496942776147393062334e6f623341365132397362334a4e6232526c5053497a496942776147393062334e6f6233413653554e4455484a765a6d6c735a543069496942346258413651334a6c5958526c524746305a5430694d6a41784e7930774f4330774f5651794d546f774d6a6f794f5373774e546f7a4d434967654731774f6b31765a476c6d6555526864475539496a49774d5463744d446b744d444a554d6a41364d5463364e4459724d4455364d7a4169494868746344704e5a5852685a4746305955526864475539496a49774d5463744d446b744d444a554d6a41364d5463364e4459724d4455364d7a416950694138654731775455303653476c7a644739796554346750484a6b5a6a70545a58452b494478795a47593662476b6763335246646e513659574e306157397550534a7a59585a6c5a43496763335246646e51366157357a644746755932564a52443069654731774c6d6c705a446f325a6a59784f5467785a53316d5a6a5a6d4c5452694f446b744f54457a595330775a4445784e6a46684f5459785a6a6b6949484e3052585a304f6e646f5a573439496a49774d5463744d446b744d444a554d6a41364d5463364e4459724d4455364d7a416949484e3052585a304f6e4e765a6e523359584a6c5157646c626e5139496b466b62324a6c4946426f623352766332687663434244517941794d4445314c6a55674b45316859326c756447397a61436b6949484e3052585a304f6d4e6f5957356e5a575139496938694c7a346750484a6b5a6a70736153427a64455632644470685933527062323439496e4e68646d566b4969427a6445563264447070626e4e305957356a5a556c4550534a346258417561576c6b4f6d566b4d7a593059544d784c5445335a5755744e4441334e4330354d47557a4c544531597a6b784d7a6b304e4759795a69496763335246646e51366432686c626a30694d6a41784e7930774f5330774d6c51794d446f784e7a6f304e6973774e546f7a4d43496763335246646e51366332396d64486468636d56425a3256756444306951575276596d5567554768766447397a6147397749454e44494449774d5455754e53416f5457466a6157353062334e6f4b53496763335246646e513659326868626d646c5a4430694c794976506941384c334a6b5a6a70545a58452b49447776654731775455303653476c7a6447397965543467504339795a4759365247567a59334a70634852706232342b49447776636d526d4f6c4a45526a3467504339344f6e68746347316c6447452b4943416749434167494341674943416749434167494341674943416749434167494341674943416749434167494341674943416749434167494341674943416749434167494341674943416749434167494341674943416749434167494341674943416749434167494341674943416749434167494341674943416749434167494341674943416749434167494341674943416749434167494341674943416749434167494341674943416749434167494341674943416749434167494341674943416749434167494341674943416749434167494341674943416749434167494341674943416749434167494341674943416749434167494341674943416749434167494341674943416749434167494341674943416749434167494341674943416749434167494341674943416749434167494341674943416749434167494341674943416749434167494341674943416749434167494341674943416749434167494341674943416749434167494341674943416749434167494341674943416749434167494341674943416749434167494341674943416749434167494341674943416749434167494341674943416749434167494341674943416749434167494341674943416749434167494341674943416749434167494341674943416749434167494341674943416749434167494341674943416749434167494341674943416749434167494341674943416749434167494341674943416749434167494341674943416749434167494341674943416749434167494341674943416749434167494341674943416749434167494341674943416749434167494341674943416749434167494341674943416749434167494341674943416749434167494341674943416749434167494341674943416749434167494341674943416749434167494341674943416749434167494341674943416749434167494341674943416749434167494341674943416749434167494341674943416749434167494341674943416749434167494341674943416749434167494341674943416749434167494341674943416749434167494341674943416749434167494341674943416749434167494341674943416749434167494341674943416749434167494341674943416749434167494341674943416749434167494341674943416749434167494341674943416749434167494341674943416749434167494341674943416749434167494341674943416749434167494341674943416749434167494341674943416749434167494341674943416749434167494341674943416749434167494341674943416749434167494341674943416749434167494341674943416749434167494341674943416749434167494341674943416749434167494341674943416749434167494341674943416749434167494341674943416749434167494341674943416749434167494341674943416749434167494341674943416749434167494341674943416749434167494341674943416749434167494341674943416749434167494341674943416749434167494341674943416749434167494341674943416749434167494341674943416749434167494341674943416749434167494341674943416749434167494341674943416749434167494341674943416749434167494341674943416749434167494341674943416749434167494341674943416749434167494341674943416749434167494341674943416749434167494341674943416749434167494341674943416749434167494341674943416749434167494341674943416749434167494341674943416749434167494341674943416749434167494341674943416749434167494341674943416749434167494341674943416749434167494341674943416749434167494341674943416749434167494341674943416749434167494341674943416749434167494341674943416749434167494341674943416749434167494341674943416749434167494341674943416749434167494341674943416749434167494341674943416749434167494341674943416749434167494341674943416749434167494341674943416749434167494341674943416749434167494341674943416749434167494341674943416749434167494341674943416749434167494341674943416749434167494341674943416749434167494341674943416749434167494341674943416749434167494341674943416749434167494341674943416749434167494341674943416749434167494341674943416749434167494341674943416749434167494341674943416749434167494341674943416749434167494341674943416749434167494341674943416749434167494341674943416749434167494341674943416749434167494341674943416749434167494341674943416749434167494341674943416749434167494341674943416749434167494341674943416749434167494341674943416749434167494341674943416749434167494341674943416749434167494341674943416749434167494341674943416749434167494341674943416749434167494341674943416749434167494341674943416749434167494341674943416749434167494341674943416749434167494341674943416749434167494341674943416749434167494341674943416749434167494341674943416749434167494341674943416749434167494341674943416749434167494341674943416749434167494341674943416749434167494341674943416749434167494341674943416749434167494341674943416749434167494341674943416749434167494341674943416749434167494341674943416749434167494341674943416749434167494341674943416749434167494341674943416749434167494341674943416749434167494341674943416749434167494341674943416749434167494341674943416749434167494341674943416749434167494341674943416749434167494341674943416749434167494341674943416749434167494341674943416749434167494341674943416749434167494341674943416749434167494341674943416749434167494341674943416749434167494341674943416749434167494341674943416749434167494341674943416749434167494341674943416749434167494341674943416749434167494341674943416749434167494341674943416749434167494341674943416749434167494341674943416749434167494341674943416749434167494341674943416749434167494341674943416749434167494341674943416749434167494341674943416749434167494341674943416749434167494341674943416749434167494341674943416749434167494341674943416749434167494341674943416749434167494341674943416749434167494341674943416749434167494341674943416749434167494341674943416749434167494341674943416749434167494341674943416749434167494341674943416749434167494341674943416749434167494341674943416749434167494341674943416749434167494341674943416749434167494341674943416749434167494341674943416749434167494341674943416749434167494341674943416749434167504439346347466a61325630494756755a4430696479492f50762f75414135425a4739695a51426b514141414141482f327743454141514441774d44417751444177514742414d45426763464241514642776747426763474267674b43416b4a43516b4943676f4d4441774d44416f4d4441774d4441774d4441774d4441774d4441774d4441774d44417742424155464341634944776f4b4478514f446734554641344f446734554551774d4441774d4552454d4441774d444177524441774d4441774d4441774d4441774d4441774d4441774d4441774d4441774d4441774d44502f4141424549414f594179414d4245514143455145444551482f3351414541426e2f7841476941414141427745424151454241414141414141414141414542514d43426745414277674a4367734241414943417745424151454241414141414141414141454141674d454251594843416b4b437841414167454441774945416759484177514342674a7a4151494445515141425345534d55465242684e68496e474246444b526f5163567355496a77564c5234544d575976416b636f4c784a554d3055354b69736d4e7a776a56454a354f6a737a59585647523077394c694343614443516f59475953555255616b74466254565367613875507a784e546b39475631685a576c746358563566566d646f615770726247317562324e3064585a3365486c3665337839666e397a684957476834694a696f754d6a59365067704f556c5a61586d4a6d616d3579646e702b536f36536c7071656f71617172724b327572364551414341674543417755464241554742416744413230424141495241775168456a46424256455459534947635947524d714778384254423065456a51685653596e4c784d795130513449576b6c4d6c6f6d4f797767647a306a586952494d58564a4d4943516f594753593252526f6e5a4852564e2f4b6a73384d6f4b64506a38345355704c5445314f54305a5857466c6157317864586c39555a575a6e61476c7161327874626d396b64585a3365486c3665337839666e397a684957476834694a696f754d6a593650673553566c7065596d5a71626e4a32656e354b6a704b576d703669707171757372613676722f3267414d41774541416845444551412f4150586c7459326a4a47544374654e416549472b3336734a4a5930726a54726170486f52314651547848362f484478466a53736d6e57564378686a5a74785869506c754b59385253496863644c73714266516a34456248694d496b564d584c70646879716261493861564a5141622b314d654d7277744e7064676f2f336d6970334a52612f4c706a786e7178344b624f6d61617657316a507a5155726a78456e6d7949555470566753414c574776586442536737644d544d704551702f6f7a5331504c3674455457684c49414e2f6f375969525868436e2b69744f46663945694138505453763673654d6f41513530375367357061773050663031473333595249393745725470326b6a37566e447836314d613744377348695561744331644f30677357533068414f395054552f77797a6a4b75476e3651773274494b393678722f544478494a5650305a704837466e4278486a477539506f784579774132574c70756b6c6c58366c44336f544774503159524c644e464552615a706c4e374f47674e535054546635625a49794b674e6e53744e444d425a77376e6239327450315938525a7163756c574878415773565039526677327743533070666f367844562b727856473141693950757757676a5a6f324e6d467039586a4859416f704e5075776b6c4844625973624a64784248786270564632384d466c4e624c6861576f46505351443543687737735246787462516a654641773236436e30654f48694954777155384675734d684553714f4a7073414f6d78787373414e332f3944324c616c52476f366d674c4474734f755056414b4c56755171447431346a705165474b56796e6c566e7172562b48356e466772565a6d70536a41626764362b35384d553771584d4a76786f614376576e33347042564b6e6a7a5944627837563938557445386943457176586675446971693755576f4e4e2f70474b6f53516a645378574962672b2f6867766467556a316258394d3070476e314337534645472f4a674749485944726a666378743576726e35336144617352707179586262385849344c583663746a6a6b65694f4a6731392b653275544f5461323855616a2b59735361623735614e4d4f70613553532f2f414a5862356f5a717236564430415530322b6e4c5041423673444b3034303738394e533566376b4c56484735426a4a4833342b42334d51576161522b637568337a4c48655347325054346c364835355877454a34743266615a356830375559765674706b6b55394f4463682b47514c6247567076464a7479552b344936626650466d72637733587676516550746b7256736c67514366745672536e34597170664679714f76636532425846756c542f48456c5769447849413250513468576858774f77705473506c6b316171527350736a73634251536872747974744d74543968694b2f4c66444864684b72662f2f523969516b2b6b7130422b45476f375a416d326f6c474b5759555531354462364f323254445946796d693046514f346262327853712b70536f70536e2b315446566c43327850586f6576766972697972514c54705862734d56574f79676375784e6439766f78564c373355626178686b754c3656494949366b794f31465836543379484578456e67766e3338375844793664355a49554b654c33726646792f3156792f48674d747a7961354542346871336d545574547557757236346b6e6d50326d6b596e6635644d7a3477456554535a7053317935636c7a75652f67526b7777636a5546547433486a7637596c445831696c5377324a7055596b556e684b6f4a314c6248345166672b65424337367a7855426a795962484367706e6f2f6d585639446d452b6d3354776c535067427170414e61557942694373535876336b4c3833724c563069744e534967314c5a64396c657658355a6a79675157775349657478336b633668305962696f794465712b7056677534774b343062343979657877417369466c4154513148396353574b2f6d6c4e7a5432373456647a44456e632b32504a564f513172513055654753346c517436342b707a30375250567647696e47504e684b76692f2f394c324e616d734b6e596d6c5434302f726a51514169456f4b73472b5074767476694571794f435255414d507464366b446246584d61304950765162564f4b744462344f4e4b673764766246566e772f7456423637647833474b6f472b766f624b436137754745554d43463558593043714e79664449794e494c35562f4d37387a5a2f4e5634316c707a74426f567578434c7657556730354d5066734d7973474774354e664a35565063714e6c592b6f547565352b655a78446a555545317855304a46563759725161446d764a6946586366666a625949374e724c795972553136596f6f4c476c5837497279705555774d6961576d5269793852586270576732775778504e636a767679324a72554443536f697171366756364c536f72343432784d566579764a594a524a47355752434344304e5269525959386e306a2b566e6e7864597442625855684e37626a3431623971507079475973343032527533726c746351334d595a44794464387174744b4a4a41464230416f546b61626c4a6a7547472b335565474c55525331326567596e66705432776f5868785372476a6471652b4b56316552343874362b48343457456a305175714d42595858616b4d6e5870396b35496332542f2f302f5964724971516f6f2b4c345144546567384d72346d4a4b495277366b4c756155506262726b34386b6856536c4f5854656842505559557475776f534366386b6471652b4b724333616e476e583663565535692f51554b6b44636547416d6d4a664f6635382f6d4f346c506c48544a61527238576f757036676a5a503635647073526d654c6f6963714435356e75324f366e6b66326631622f4c4e6b5845347a61466552547357334f333364786b57362b71796e4f704a412f6a67596757586644514c797152755234447469324e71696a7638506344664261694b6f73515a6878466473695a557a4543565557624e76783355453148746b6645444c776a334c654846413144346a3957533477774d53466c5742707832384d6d31384b3448632b41336f4f6f7767306a68547a793572747a6f6d707758317161656d5158424f7a4965716e356a4249416845724436363871363161367270647465327244305a5556674232714e78746d46494a6957554c4c7946434b6a7454624974746c32356f656e3678696b7974794372553641623734734637322f656f3236444658434b6e76587239506869714631594264497658366b573874612b5041354d4b2f2f315058396d5553494774517941567075616a4b746d4146496f4d6e646a5564436576544c414b5a716953554b7179376d7452324a77713244556b65505564735655325a75525a54304778705446574e2b65504d6c74355930433831616368665255695073576b5955412b2f4b70456b307446384c367671317a71756f584f7058546d53367548615352794b376b357573593449304847794730754b664153646d4c645043754667494b54385635476c573655726b5730624b514a6f6566577441766232794a6c5352465874344a5a44776a46574f322f683838706c4e7568694a54697a304b64797253564b6b566f426d4e4c5542324750535764325132506c317941684778336f422b764d4f655a32454e4b4c54654879344273597766656c63674d706276793444552f6c754254526c346e66345254766c6b6335614a36614c48395430414a386351705471434e7675475a554d376735744c334d616c5634474b50514d4f755a385a3236755561357230343748616e536f796242376e2b53586d4a6f316c3061655834315950436850374c64525432796a4a48653249414436427452786a48683071656d59355a496b685438494e4770735276696c63454e614b52536e6646433952527474314e646a3078566f66612b4956392f444655427270413050556e364557307648356c446b6f3831662f395831395a7344456a4e73416f49384f6d564669694e7946644e362b48547254766b6755717167426551335055307961567a5556647668727651623471736b4a3349623475752f632b3241386c664d6e2f4f53666d6c704c697838737750516637305843413071516143755761615046496e75524937552b667954586b65673655386332625342757053796c7a38412b4476346b6e765841795532516f6166746b30346a746c636979454c544c54394e396152527871785054743873775a354f46324f4c546a5a6e326a2b577741476450695074334f613265556c322b4c434179693030434f672b4541644e68584d616379484c45516d3047686c434b4c397272583279766a5a674a68467071786746674742424f3232455459456f472f3036492f454161394f49375a5a47545742624864517353704e41434b646659356247534a5132594a722b6c7165556b536a6d4b6b2f526d7977354855366a42746245345a50546c5a574172576d2f584e6d4459644b52525a5635563163364e726c6e6573575655594232422f595055596b57474d68732b784e477530764c4743367433456b5571426c59654233706d4751736553634c317253677038714849705656576f3545397669474b5635466632714b656e6a69713274463439676436373963554a5235706c432b57745764525166565a742f6267656d53484e532f77442f317658467178456366514469707034626438714c58614d576f5131337161676a77774d6c56484b4e5252576f4148664c515753707a46505944372f4843714476705669695a79337767456e774137375a565064736948776a2b594f747635683835616e714263756e717448442f4b45516b436e335a733950476f4e452b624570335a3353466475577a6e396f4c337a4961373370664c4b6b436367414b624164736849307943793235537557633162396d6e766d446b6e546d593468364435523079615a31634953765539786d727a5444766347505a36765961635651636b346a6f443765464d312f45357162523261714b6b483239713444496c4b6f493236414862624971325970477256534166627468415155446377736f4a4832656c652b58514b4e67783355596e586c56616b626a787930417259596e66784b794f54537042424f5a4d43303552733879314f4c367465736f2b6b643648766d36777973504b356f3149713863684b715230585944766c78617266552f354c655946315879326b4573674d316f66525a523134667331726d4c4a443162626a58714f7850686c5a4b5736767948776968326f504478785664556a71642b31635657475567555066725471514d4c435631736b586d32594c3557316a702f764c4c55482f4146634d65624a2f2f39663176625561434d41674f7969752f59444b6a7a596b49794e5278566a5870314f3470382b324256525361564879722f544a7853463161437046434f767979525377663830664d436558764b47715878634358305769692f34795362554833355750564b6d77536f506865356d415a7057503779526954342f646d35416f4f4b68596d2b334b2b784f344a374477784b414550504c3670395471782b474e6576345a5849374e675a5235593056373252467144576c523050797a585a6a526476706f436e30563555387551575674476841725156727476544e546c4e6c334554515a6c4870397131516f4162624d59687342524a7345555541464273506e6770695a4b54327476626a6e4c51416d74446b67456353516170356b30697a6267745a5858736e746c776862457a596e662b6562514e534b786b593968537658355a6c78776b6878355a536c467a72397a64497a4c59794b6872546b7079666830735a6b736631467655517647724b34717a49663459384c5a627a727a516a52584564774b4545554a2f484e6c706a74546f395a4141326c316a6338763354476c5255625a6d75744265752f6b62727a57586d63574a656b563276446764366b5a524d4a665655524369672b49647438783174585a714c74583350384d56616f547835476f707634307768564e2f7339647644745846575065644845666c44576d3641576b6f486a7570337778357142542f2f513962325a7044487a3767626a66714d70596f6a6c79556861674b61635474756357515659354141616452745474584a41307032626467616b2f6138664435346b6f74344a2f7741354a366e36576b57476d673057346c4c7963543143447638414d355054627a624a6a5a3870584d776552713763535238786d31635a44335579316a6955396146774f33746b44624c5a714b4b65386d534b43693061676270746c426c584e756841794f7a317679642b586d72797778586e31735171337848726d486b7a51484e32384d556739487474453171316c5256766d614e50466a766d754f574c6d5267575557483654684b74492f4a2b782b586a6c4a6b472b69475777795036595a713867506f2f7a4f564672535857556c7554775669714370616d32426b515750485372545a516f592b507a79324d796a6852396c706c676c4359342b51364567564a38636e4c4951316d49544b5732742f5149456146514b39422f6d63694d6853427577447a4a6f304571733061694f54637152307233464d794954726d32384c784c7a6c617952577a46396a45776f337a7a5a6165514d6e5436364a454c595a424f7743794a755230722f484e6d3641626c6e58356436696c6a3575307961744665565659312f6d4f31507079452b545a4962507471796c4d73636230487841456e353569464d54614d6175774232372f4143774a5533725547765837735572586b666c565430366e33474c456c6a586e36554a354d31743663514c53516b6e72556a4a523570662f3066576c76583676485465696a62774e4d7052614b424961704731427366453473785a43386e696f38664870303759734b33624e443854563664446932434c35562f3579637636613959573676764641783467306f58397376306e4d726b664f727a6842366b6d2f62356e355a7333475166493061566a566d4f376479652b526c79534179627962444162314a37786c69743070566964715a675a6a7473376252304f623342667a51302f5472474731306a54326e6a354341585a2b47486d666335727a7070544f376e53314559386c4451667a4f766458764f45746b71322f787337784e5578694d304a624b386d6a4d526473736570456a7965726154654a4e456c334777614351426b62746d76494935756656686b4d656f573757354445426a3036412b4f32416c68774a4671477052744b496f6d71414f76746b6f686b643250613566796158706a336f586b6553787837302b4e396858327936454c4e4e636a514c79767a66712f6d4851723477586c2f385474473062783134744534334b302f6c7a645177597a46314538307a757530377a62357930367868314635446361644c4956534f547156423669752b2b55354e5044707357654c4b625a786261754e6173456e455a696b5a61764554754433417a5745474d714c7438664a352f352f30777670383877576e4665524857744d7a394e6b7159634457777647586a434f593543704661374e32366a4e38387554777070704e323172645738796661696b566b414f2f77414c4134434756767654796a714b61706f576d33366b4554774b31612b336a6d456561496b6c6b5259552b45626467546b57536d414e78556b312f586870564a774f6f4e4344394f4b73552f4d5a2b506b665847727439566b333656714d6c486d74502f2f533958326e39306a642b4950333938714b416a675361477446703050694d445975354d776f54556a46414737546465343232384b346b4d6f6e666438522f77444f52577243372f4d6537746c72777330524b4466666a55356c365350704c444b656a7875615575344868765130706d6548464a61425635596b4832574a48546649544f7a64446d7a62793335657539626d4672614439306e3269336670317a585a4d6769376e446734766339703033387672754c52473071643161786b2b49784d6f7147385650593568484f626333387445464661522b584e7270367957397358525a2f686b5964647a576c636a504d53472b4f474d576632326c6e544c4b4b786a2b4743495570586f426d766b624c6b5243436c7547516c6c4e654f774664362f77414d6732526a61545233584f394b7948596e624a684d6f306e5031426455746e74706b39534774537262376a6f666e6c6b53527530306b3137354e302b38495339694567542b37593738523236356b6a4b51316e474376483566576a6f6f64336445325643666848794741356d496741714a6f6e364a63474d5656663254307a486c4c696277772f7a737362365a646d6c435561764878497a4b303331426f7a787542397a357575464379456441446e5368346e4b4355545a6b2b7369447842472b322f766977786d6e33422b54386a48796661525057734877437638414b526d48506d33525a2b583467487254743379444e534d6e576e7a41785134486b4b56705838666c697245507a4f59703544313574714331656e6a6b6f6331662f395031626250534a42576a554142373039387154464649614774612b4a2b5743327748616c367434566f522f6e76697946644630724e54346475344238635749334e767a342f4e752f46392b596e6d433456755157354d664c73516f70317a5961663641342b553776504a54566971456741395231706d553435466f75314871584d63594a4a4b67447871637179476e4c77527367423962666c4a354c6a744e47677537694d4765645134372f4454624f643147516b303958696a7768366c2b6a52485253684e66382b6d596f626c574c5459726356494664366d6e543279524a477a4753543631644c424852657243694b54345a527a62514b593748486353526c79753536664c4a55337744487274487437705a484254696669486a584c517a6c4732592b5862785a523737564e6436644d53445468796a525a49396e444c523270587847325658544b6c61433357686a4132472f397463414c45684b395a7455515642334f535341386b38377173656e58625649487074512f51656d5a756e35686f3148306c38325849456d37436872317a70496e5a347a49477251744850473144514f4b2b464d6b3438596b463931666c61694a35547435466f59354f4c38764546637735633349484e6d775955714e69652f664b3254526f61696c506364634b477a51727576512f53635172432f7a556372354231776d762b3835576e73534f2b54687a57332f315055397353495978312b4545626549796f704252537438517161412f72774b725276512b493767653374697a4270664934346b2b41365a47584a6c47756a38345050317973766d33584a5533523736646c494e6467314d32654156414f4c6c4e6c6838674c4e5652384a36456d682b6e4c327268744f2f4c534c4c726c6e455144366b694b667050345a526d7668646a6f782b38443777387270466257634558374b786f76772b4e426e4c796b5358707847677968585539392f77776e76564233397a36456245373762723739736753795964714d58316d346537757052465a323471533279672b3550624132644534307a39485457484b4d712f37515a5344794873526c704779786c52596e726a365050664a5a744f6b4d73726349773741456e77417872713363564b476d517a3658666d3344636c4e4b443272686b624444494164336f734343534e4770516b436f4f5574514b735436536e6c734430384d4449686a6d7158675a754c4771623079794955457649667a4675472f5256327148636a6750707a4f772f5548483150304638347535467936476d784e53446e5177355046794e4532697263453066714f784874337954416d3332782b55313058386c61577230434e474b4d4f744638637770633259656743684159476f59622b77794c4a335062625941302b6a46446979396964397148465744666d79376638712f31326a663770362b3559625a5a6a35712f77442f3166553175792b6d67334141414a2b6a4b537852437377496f6139366678785a6855582b62725877363472315758626862615a7830574e79616465687753354e73412f4e767a437a7a6137716245636133457238534e2f746e4e6e685070446a3542366d4f535366455670516e7166342f504c36636555364e4a76355a75466831765470656f45385a5a6a38386f7a66535850305a2f654239306146646d534349646668556a37686e4b486d396765544c597043794257414444746931495855485256357a644f75524a5a414d51315a596279336b7435666a745a68786c6a3631486867456e49456155394b3057485339504d476b4578577a45306a596c7146764376544c654b32416941556a3144797859746478332b715269652b746d395342795452543947544536464e6c416c4d3751724e4d62715a7179553248536c4d704a524f69475a366665695645536f354b41443735466f7169694c7559656d376375327737567954625443645475754c4d7732464b30373561477a683265596563524a667750616f314a487166486f4e71356c5970634a33634c55524d6854357a766555462f4c43776f364f794d4633337a6f34636e686333316b4a725a4834492b47774171434f3447535a524436372f4a61352b746553494934332f75535672536c4b6235695a50715a6c3670627578694374383639393872525956304b6c54743070384a3973444757796e4a4c516d7535376e436b445a673335754f772f4c7a584b47674d5330482b7947575135736e2f2f31765546757a46455652304142507454726c4b43696c6167334e5258624662566c6374385066466d433163415351795248374d696c4e753152544945624e6b432f4f377a33624e5a2b6374587458464a49706e536e516245376e364d32576e336943342b5562734875564b79634762634e554b4f352b655a546a536972577a6d423435743678794b7838616731796d65376b596470412b623761386d3668395a307178756b4e6655686a4a4938536f726e4c354255694874594734686e735632566a347453703342796d30474b573676642b7165504b704e425474675a417054636c62614c6e4d5147366a70686a47793547474d706d676c2f77436e684448534e787858636e746c33675364704851544b4376504d4d463434666d416f485537564f48775a4c4c732b59524d4e7a42637148696345476e32543347526c436e565a4953684b69455a61616d4933344b61454571443379736872495457532f61574f6d322f576d414e6b597356316134717a5562747638387469326e6b3854382b2b63706444757a61323853797a7a526b426d4e516f4f3262544267343933513637562b45654871385a65346435586c666435474c50546663376e4e354555486b736b2f565a356c4e39506c594643784243392b684a2b574c4f4a66546e2f4f50657371644f763841536674465845696649356a3542757a65385246676931327032796d364445374b6a3867434b315832375a574c596e6b6833354d616b6e703147545a6a6b776a383377562f4c76574e7757434a743763786b346330762f2f58394b324e32626f7568696549774656354f764658714f712b325571557a54616f4a3270754f6d4b41724c576c42736577774a4b7965525934576b593034417352323246652b4d755359633335362b65376864533832367471616d6f754a335a472b6b3573744f5051455a656245726d315a706736723848546273652f33356b7442437934742b4b45696f42553952553047566d4c4d463951666b3771793668355373536b6835774c364c44774d65326335716f694d3372644c4b34423674486353454171616b665a48696331306a7535705333554c71654a444a47686551647635546c6761336e4774366c726439654d6b696d502b55562b452b2b625046415539546f59786a445a514672356b436646475448543753376a4c44463238554863574f734b687248365339616e6f4d444761483034367a3961524c46324456704a2f4b4144337945717030757149504e365a70566a4e4d7253546d6a667a6451615a725a5050794f364f6d6c4e754f444874516a766b5133524c474e587530574e6d5a746743615a66414a6d51487939357a31646456312b3575453369512b6d6848516364712f5363365454773459764561334c783553574f715747786f574e4e2b7041726d573659333154617849394e5350736a7133794f42794d664a37522b522b722f414b5038317832636d304e38706a72576d34465231796e4a796258316f696a626a307251563735694573514c33565253704653752f58726742524c6d745a414b3864362f66584a7377774c3834522f79447657415451385968394871444a5135712f2f5139503236385930722b7942542b334b554549685361396638783278554b6f4e415636562f5867544a692f356936324e42386e6174666c677369514d734e54767a6b484666784f4a466b414d38596646586e33546a6f556d6e576a6747356c7445754a7834764c385666787a5a347439753547554d536a634d78723150516e7870307a4a6364564d535467416b634b554a4858662b4f56794c4b4c4c50796138347736467246786f56354a36647263735443786234524b4e6950707a56617a4678527675647a32646e4150415831445958676c5257486567427234357a737562304b4f6b5a48424a466162453465494e5a536d35306931764b6d534d6461677231466379495a4a524c6b5964525045624345625135304253435a6c69376248377379767a494c754d6661773668417965584c6d64794a35584d666a516a495331415a7a37553468365937747736624470774b524b414164794f7555537947547063755757513255796876665241346a6a5155483963687a6142424b395231416c6d616f424836734d5135414e4235442b5a6e6e535054724b5777744a5239666e42554b7535554871546d7a303244694e6e6b4855362f56434561366c345836704a626e586b31647a3439643833736554794d6a616b4a4b436e59642f6c32793178436d2b6c6d746137397a5432774675786e5a6d2f6c545545303756724b3742504b4756547431324f56544668757439783664646937736f4c6854744c477267393977446d41656167556a6674414d64774f702b574869533058436a63622f736a766b544b79727a2f41504f552f774449504e57592f612f63696e67505548664c635933562f3948302f6267474e5035715a53705669642b49366550762f6269696e467976772f5267746b586b6635765879613165614c3547674e5a6232345336756c485551774e55672b784f5759526337364274694b4435312f50753667667a75384d54417757397646454647334542615a6c615871313570504e494a787a4a6b6f614c74343039737a6e4774462b736e4e424731456366715066496c6b474f5855375158736a712f476a3867523142726c5a697648776d3376333557666d7846637851364e7264782f70365553435a6a514f76626339446e5036765355654b504a36545236345a42524f37335330314b4f55427655425668384a38536331424c74514c54625432516d6a3034672f454434484c515775514b654365324559437143666c307952354e634c744c376d534d632b583265707a4874797846692b70474d565941654e66444c4155384c46377a56306a49484d4b4e2b767a7936696b6b6835313531382b52615462504a45544c4f395669413663757850797a4e7759654d75427174574d6362654358312f507146354a655863706561556c692f7a32327a6578694273486a7332557a6c5a51785a6a7458627039475a414469796c626831707971434e6837354e676d756a4d4664754c4434753379774d3448646b2b6e62584b38534170503276636a4979354f567358326e2b584e3262767968706b7273532f7042574a2f77416e624e644955795a696f426f423978337973795a42783637477042324752427067486e2f35794c49667938316871375668422f3166554758596a5a547a662f2f53394f51742b374148576e624b697856676143703664694d695567724a356b696a65556e3932674c46756c414e366e424c594d34377645664b496c3831656374633836736177777974707468792f6c543752487a7a4941344d66766243656a35732f4f62555575767a47315978372b6a776a62754b714b5a6b6159656933487a4864352b4a3244315a68794a70763465325a7268524276645665354c534b7651723372512f52695736306e76706730376c6a78494f314257704f564464706d56585470586a6b554b654a367254714b643635584d57325953515875483565656639537449317462396a4e46487367593159447475657561505534516477395870733871414c336e53664d634d38537a49314f59427163314a695137506d6d54655942476171774e65677258366346466b4b43446b3133367733785078556465316348435777534253485639626a514d716b4e324848636b2f526c6b596c4d70426945386431664f5a707178774e75716a72394f5a414e4e4a4a4c7948387a70516b38634b6e64445869445376624e766f785a743533744c6f38386a495a6c395374474271542b735a745938335163795552464734557331534276556a714f33303561474841656130715251652b7850766861305a614b346d5572546b4475514b413447515a5459302b476c41564f35373137484954354f524459507348386f35486b386d574a63465252676f507a7a5879445939476a714234446174636f49565744667a394f78774d67486e2f414f644a2f774351633675514254393044332f33614d75776e656b6c2f39503035454656414165335478726c4b43714268556b394e36346f59622b5a4f73746f766c44554a6f6e4b334579656844542b615538616a4967635567433259755a534c793961516555504a5673586f7067746d754a69647555724c794a50766c6d57646d6d77626c384b362f716b7571617866366c3161366d65546b54754157386332754f504441423132544a5a53586d4e716b31354573705033484a68724a4662725463446d767830417151514e7a38734a4672456f536152793941616f535170487434444b75485a726e61497337694d33415a5238496f4b6a725871446b4a4130335970584a3652356242575a4a4141513368304f3261724f646e70644f39343870544a4e614a456471626354302b6a4e4c50796478486b796b615662794c7a394d676e66596b5a58784d6b4463615048474758693472346b394d50694649435574594b6b6c416f3233722f414c6557526b744b5635436b4d426468384b672b31546b72746b587a702b5974794a64534b6b67304a50766d2f7742464830764b39705339544379784d7137676b696750554478324f624d64585279357076626f536869424e4f774f537479427957656d476b6457714b392f41595134705263484c31436e51307144307069516b476b373075543937364d676f52396b4e3435584c6b35454832522b54306a536554374d436734696e343568536f4673656b7164695275523172345a6a7935736a73484d784b6264422b7249684e37504f2f7a6c4a5035643677745157487045723870426c3249584a69582f31505330624571415476537559354e46734d4c5650555a646a7566447038736953786f504b507a627530754e56387361435a46454e316565726449542f75754d5633706b38417556397a624555474c666e68357974724479524e59574c4554584a574b4f546f4176512f686b38634f4b5951547768385a33624b4e363943534b476f71656d626c3055355555474a4835635275564a7161626d6e6570375a4d43777745796f6c774479366241416b397a3232784e704539304d4c6c67774c4e5251614d52317037444956334d7645526c756e452b7546494a4159487038712f30794a33637248454132394538725836544b714871765564366a2b476166553436656930732b4c5a3752355776654a6a494a36664570327054777a533549303775504a36747064346a784b584f394f6e686d4a4a6d42616e7155796b456a6475792b4a78477a49424a6c746d596c323370337930535378767a52657059326b736e4b6c416131337234444c4d66714e4d4a796f572b572f4d743231317145736a476f646951536167646a544f71775134513854724a385579557074315553416c694641324247357a4c44676349545054706a7959447153445569686f66484357654f66524566627570522b304b4147746156376e434e6c497445514e456c3234705657413441626b6b6474385745545254697a4a2b73525376576a437038526b4333524e6c3967666b77352f777441672b796c61654e5363312b513774704e505541343430727849366e4d636d3256725763307032384268415475382f2f4f4c696679383171757843783070342b6f4d7678624d582f3958306973714a477273654f314b6a66664d636275525355367072557345446569414a4143465937302b65547049473777533775354e5a2f4d6d306b7670544f746a6275354e656a4e745432327a497767434a4c4b5441667a37314d33447832304a48316130344c793334566331705478706c756e6a766267366d5a4170344a4d2f4e7543443750515670785066664d3075704f2b79587945664743506a3349617577706b675331534646544d674b564972553730365650576e33594c534b554a4348636242425466784a486a5478776268764d6f6c47574d6f4c434a6d2b456e617651653379794c626a6e657a4a644d7558733556654938614d4b416450767a467978734f3077354445375059664b75734c4c36552f4c34434b686576746d677a514932656d777a735058744531417646754b6e78397331307852636f6330334d6f6b4f796a66763347566b30325768377555573044466d6f61564747466c4265492f6d56356a50457751743843395365354f6272523474376456724d2f434b4477693864704a433550556e4f6a6a454235484c75625572522b4c38716c5536446c302b6a4a4e466f2b32636937394d566f54552b423238634c432f556a556b416b457032566873514e3665474275346b5644774e3247556471376a705477777247695537743356556964545572583535456879514831742b544d6f506c78434742332b4d41302f566d727938325a44315148596b5550486f4f2b2b51717430674e4d7741715074487058766b37746d53382f77447a695a6d2f4c7a56743971525650536e786a4c63664e7249662f396230443663733863696f33457276772f79656d5631546144756b6e6d4943313071356d6b4e50536a4e54375533786b3367506e7253376837667a5439645770532f74484d56643655616e33675a6c512b6d6d4259542b6253537070306133432f44655848724355476f5a46324139743875786333433158307646726d6c547674516b303974742f6e345a6d4230386a756c3067493472586944767936376452584a6a5a4141576272554c3155426961394b6a7054495370534b557a5141563866384150664769516f56596a78666e747847352f686b5347334874756e756c58675a6a457a4150555555644b3938716e467a384f55466e766c752b4e746449465037747a754430552f3235724d2b4f786276394e6b3365356558627a31494670554d52337a6e386b643365785a52424c787055624878397378694730696d4e2b617456644947484b6930492b517a497851424c524f56506e507a667162585677366c697a3745304f314f314d3666545977413872724d76455746334445676f57334146537657703863324944705353705175597965514a43393641376541796643313858524757636753355555715842437332394430775531774e486446724d4367444437445542364169744f6d426c4752523042456336687931534b696e76307862625432306459343041705770324f2b2b427949485a3949666c5466534a7055666f6b4256586d534f70337058624d4b51336378362f5a3632306a634f4a5a674144375a555170696d367537306b424847676f436438697841595038416e4449422b586d72385230455a4e4f702b4d5a50483953532f77442f312f5363555a6a6263416e6f78396a3333796f7470706866357363726279667142694e585a4f494936304a366a49583667477a472b64644e4c58555767584d492f77424a456b316d35384f59716750306a4e6b51703570542b6230437936525a6839767137744556397a7564752b4845665534326f6a78526541544d513742675642483278305a65325a394f674e6f47616863626b6e783764634248524943786c7178626f50732b33345937426d41754b2f43436145566f4b39365953615a5934337a5576734653793748783730386344476b78746c4a4963456f7955494147355875506f79737552414732543656657648636f76555544664f6e5862327a437978324c754d4761694876666c485559354949704f56433671514f35464d35334c47693952686c78627376613856466f445836656d59334135636977487a68652f756268716e303042413936356c34593775426e4e42344e71456f6556795252354456573973365847486b38737430686d4837316c6a7032494172552b325a4c7170335a574573723852384a50627364746a6c6f6151614b49684c47366935555865764d654f52504a494e7952556c4675524544385a715342322b56656d446d796b4e36434f6849447079626f61476e536d49477a5a5254754b594d305249326170413744352b2b51626958752f3550616d4630396f5341374163516645453148335a6a5a485078626837786f316c793079647a3975556643656d35384d70624c33546a53693978626d496b6d534c59673443454859734f2f4f456350792f31645439734c47425166744278677843697033662f305055537172414b445462716156796c754d57492f6d44616a554e4275344636717056712b50453735564c6d325244355930424c683437335434324b3346717933646d504753453149487a417a6167677874534633357270623668706158596239374949726b2f79715a42516967775939704e4f614e7866506479683956306c586b4750476e545964362f717a5a587336557833514e78626853437678522f7a6b5659723759424a4269677041566b626a554459622b50623559436261356c46786f57673349596755626b4b622b78787530786b6551514d6b664657472b323577734164306262735643467478307233594839574a41626f354f5362525365684c41385666546a616a5633327a45794377374448735872766b75346c6a525547792f736b376a3474774d3533556e3150576154646e5531374a77494a6f33566135684f6551427a595635766158366d51476f6f484937373939387a644d50554f35312b725070654d58376866673555716168564f2f774235384d3661413265547a45576c342b46326d41714b414d6666322b5754634b55554d7146334a4b37387479546b676433466b6962636c392b516f72566f64694e2b314d6b5755596b6f69526c6136456a476f4a6f684733493943752f6867356850385359327a73593062694f584c6954515532794a4a636747303155385768636971743133392f444157584b6e7158355861714c625657516643737138517038613961394d6f6e467a4d5a73507262527766304c6244593869474e5036356a64584b68464e374f334b5873675566444b672b3859574535577737383637552f38414b7539595a67566f6b6443502b4d6733776762735979662f306653304e7a784142384e38706267556d315351584e6a64783071582b7874334f516b47324a70383336524848702f35674a465439334a4b7945644153646a6d62694e77624a686a33357461586361447173756e6c7655307937426d736d4f334643616d4d2f36703659634577545856786368394c7732355654636e31656e516c64367234567a5967374f7249333351736c756942565566425839324e7941443434474e4a4a645270486379384634376262374776674d6d493757343078757252534e48494664654563713744714b2b337a795169474d4e6c476459305a6772304b374e475238572f63653252346d795552584e304c524172384e474855377343543072536d534737534f6162516d527046695679586f61554e53613978375a6a7a4f7a7463594e68376e35487353795271346f65436d6c4b416e76746e4d366b334a362f53784c4a64537447514d52343042412f5a7a43446e6e6467506e4f3772424b676f4454674e2b6f50686d313067336452725a6245504637365a76576372396f45714364366b2b487a7a6f5273486a4d684a4c6e58393336536e6956484b7663626450444a5547764a61793355376e6a534e554a6167727979514161674c58574e65624b314b55354148626278474d6b786c53744f45646769413072564f354e647a3874386b4745364b4f74416652415169716d703439434f2b56793575586a4779636b66364a46494161413170372f414e7542754e4d79386a5343505737526558774f7770376e726c63323745583274355a63796142627178427176776b5a686c7a59795a445a442f535932723070393538634458494d592f506b716e356136794641444e476e7731335078697679796344757745582f307652764834654a727934676b66526c4c6473454c36484b4e673356717374653241386d514e6d6e7a3172466d3174353557564b565764534b2b4a79374279637159734a5a2b656a4a714e3970734b437069693545487850544a594142496c787077754c357531434977584c72553756334e447838612b3262534f3464566b46465467416458577050412b506a3242785244634d6531434d7265794951435366685a52515550544c427963504a395371767877524e31574d385a4b30362b417767556b485946447a66765a4b73614939647876392f774232566b4a4a73714b46797052545261313333596d6e5837736e45374e5a4b64364b786e766f5656695142396b37476f3748766d486e3242393774744c39516652486b387942425864654955476c4b67444f617a486437444259436661714a52435342785967696e55415a69784e7556786437782f7a724e4b574374514b7071784855396333476a37335161383354793634336b6169304936505459305062337a6641764d354969314e354859465849617072587078415051446243343875356173354350784a4e445254545931795161414b5662562b467772763348452b7750547267334b69375245703458534575434e695648345a506f796c43696a626668464a36547438423334304970582b4752506532783232546d4d73396f38617341454f793936646344655a576e5767334274726d32754f564a49797241395255484953354e324d5548327a354e7634377679355a6d745057525832364462746d45584c444e644d6379545271463257674f42424e734f2f50686a4c3542316844512b6c436a45302f7978537554687a5a524c2f395030614f58714a7438564e2b74615a533346644950683637303279456b513576454e655454523570684c53715a68494f53304f34375632797a446475663059622b5a4b522f34726939535166567a4856433450454877366450444c4d5056716b2b64504d7645367263384e70616d6c4b394b2f77436463326d503658545a2b6157524547556346415167637a316f65325361687866424c64564b2f5866732f46767a2b58666c544a52617370436c5a6b2b6a49414278715258626a576e5872345a4e706a61484a48474c3078747850436833705866386365724a535469464866667634354538326f3832512b563052746167457238463857425033385163784e54394c75644c58452b6a764b6f5262654d4b655241362b4f2f76544f587a63337363664a4f74584c43454256714b62452b4f593865626138563836446559736644695070337a6561577132644671367664357a663841706d3462306141625670576e5476544e7a446b38396d35374953516771505541446644314e666c544a754c6b7574304d516e70456737373141472f586243576b3867326d7a4c537049492b313050685775457352646f792b3951795658694734674544787073666e6869325a4c74456f33373247692f766c556439324876586237385479514f6e656e5556617938616b5547343248303546794532734b386b35624e556361654e66315a475466447a665a2f3564672f3450307a6d6468474f76664d4575644236586f6e393678596779552b455a456f4c45507a754c6a3875764d6849426c34526644333438786b73664e692f2f32513d3d, 0, '2017-10-02 14:40:51', 1);
INSERT INTO `student_details` (`USID`, `title`, `firstname`, `middlename`, `lastname`, `mName`, `fName`, `pAddress`, `cAddress`, `phone`, `mobile`, `gender`, `dob`, `religion`, `nationality`, `category`, `reserve_cat`, `phy_han`, `eco_back`, `photo`, `added_by`, `added_on`, `isActive`) VALUES
(3, 'Mr', 'Naruto', '', 'Uzumaki', 'Kushina', 'Minato', 'Hidden Leaf village', 'Hidden Lea Village', '9615865655', '9089779715', 'Male', '2010-07-08', 'Meitei', 'Japaneese', 'General', 0, 0, 0, '', 0, '2017-09-13 11:38:00', 1),
(4, 'Mr', 'Naruto', '', 'Uzumaki', 'Kushina', 'Minato', 'Hidden Leaf village', 'Hidden Lea Village', '9615865655', '9089779715', 'Male', '2017-09-15', 'Meitei', 'Japaneese', 'General', 0, 0, 0, '', 0, '2017-09-13 11:43:06', 1);
INSERT INTO `student_details` (`USID`, `title`, `firstname`, `middlename`, `lastname`, `mName`, `fName`, `pAddress`, `cAddress`, `phone`, `mobile`, `gender`, `dob`, `religion`, `nationality`, `category`, `reserve_cat`, `phy_han`, `eco_back`, `photo`, `added_by`, `added_on`, `isActive`) VALUES
(5, 'Mr', 'Nengkhoiba', '', 'Chungkham', 'Ch Sunanda', 'Ch Ranabir', 'Brahmapur chungkham leikai', 'Brahmapur chungkham leikai', '9774180184', '9774180184', 'Male', '1990-12-15', 'Hindu', 'India', 'General', 0, 0, 0, 0x646174613a696d6167652f6a7065673b6261736536342c2f396a2f34524730525868705a674141545530414b674141414167414441454141414d4141414142413845414141454241414d4141414142425141414141454341414d4141414144414141416e67454741414d4141414142414149414141455341414d4141414142414145414141455641414d414141414241414d4141414561414155414141414241414141704145624141554141414142414141417241456f41414d41414141424141494141414578414149414141416d4141414174414579414149414141415541414141326f647041415141414141424141414138414141415367414341414941416741416268754141416e45414142754734414143635151575276596d5567554768766447397a6147397749454e44494449774d5455754e53416f5457466a6157353062334e6f4b5141794d4445334f6a41354f6a4179494449774f6a45334f6a513241414141414153514141414841414141424441794d6a4767415141444141414141662f2f41414367416741454141414141514141414d6967417741454141414141514141414f594141414141414141414267454441414d41414141424141594141414561414155414141414241414142646745624141554141414142414141426667456f41414d41414141424141494141414942414151414141414241414142686749434141514141414142414141514a6741414141414141414249414141414151414141456741414141422f396a2f3751414d51575276596d56665130304141762f75414135425a4739695a51426b674141414141482f32774345414177494341674a4341774a4351775243776f4c45525550444177504652675445785554457867524441774d4441774d4551774d4441774d4441774d4441774d4441774d4441774d4441774d4441774d4441774d444177424451734c4451344e4541344f4542514f446734554641344f446734554551774d4441774d4552454d4441774d444177524441774d4441774d4441774d4441774d4441774d4441774d4441774d4441774d4441774d44502f4141424549414b414169774d4249674143455145444551482f3351414541416e2f7841452f41414142425145424151454241514141414141414141414441414543424155474277674a4367734241414546415145424151454241414141414141414141454141674d454251594843416b4b43784141415151424177494541675548426767464177777a4151414345514d45495249784255465259524d6963594579426853526f62464349795156557346694d7a52796774464442795753552f446838574e7a4e526169736f4d6d524a4e555a4558436f33513246394a56346d5879733454443033586a3830596e6c4b5346744a5845314f54307062584631655831566d5a326870616d74736257357659335231646e6434655870376648312b66334551414341674543424151444241554742776347425455424141495241794578456752425557467849684d464d6f4752464b477851695042557448774d79526934584b436b6b4e5446574e7a4e50456c42686169736f4d484a6a5843306b5354564b4d585a4556564e6e526c34764b7a684d50546465507a5270536b68625356784e546b394b57317864586c39565a6d646f615770726247317562324a7a6448563264336835656e7438662f3267414d41774541416845444551412f41505157564d4c5a326a6764677069716f637461666b457a4f41504c6a354b59356e762b5078537443336f316165787677674a656a564830472f356f5574492b3752496153667970576d6d506f31782f4e742b344b4271703773627235446a376b516b4b726d35754e6830472f4a654b362b4e65536633577448306e4a57706d57306337473636665248397967526a67456c6a415045687135547148317a76736357346242533355656f2f33502b4c5239426977736e71575a6c4f4a7675665953667a69662b70547847523846704966516a6b644f42314e492f7a55526a73523330575675486b476b6665764d6934446c4571796261544e54334d672f6d6b6a356f384a3772626653396c423472596637492f755532736f34394e6e2b6150376c776d4839614f6f34376748754752574e4e7274486632586864563076724f483143734f726474662b64576670412f392b2f724945454a42446f2b6e542b347966366f2f75556653716d4e6a667543666349534a5039365670592b6e584f72572f63452b316b2f52452f414a412b504366542b394a5448617a393176334b4f317537676378782f4a556964592b386f632f704f652f774433784a542f41502f5139445a7177664a544248486273684d6b744862795241646466755355755433534b596d6676374b4d79504e4a5457366c3144483666695079722f6f4d3061304856376a39466a5035533838366e31532f5079485a4753365354375744364c522b617869742f577671357a756f757172642b72596b73724859762f77746e2f6646676b7535376b614b5345644c4f35576b36307a645a3470743441353150676f627454334b514a50416b2b4138453630414d793866475532342f424772787248787048676a6a7037794e4e436d6e4a4875794446496a5a71423275714e693556754e633236703231374449506a35464b334374594354716763487a3454675156686752754b6652656b3954727a635a6c6a5a6b2f5348377268394a726c6f38445263463957756f4f786339745250364c493972682f4b2f4d642f7742395864566d52796d53464b444c583730774d4458354a3970556f42306a356f4b596768442f414d4e782b6638412b696b61427a3449502f616d492f7773662b41536b702f2f3066514b3432696641517074486238454a6e44664d4245425077504b436d583865566d66574c7148374f36546b5a4454466d335a5634376e2b774c546c635839667375583475453367546338663943762f763649466b4254796e41426472484a55544a314f6743596e6338654464666d6f6c3565384163647637314d5451514261656967327541695a374c5a78656c746130534e65366a305870316c70395136436446305665453573412f655656795a44644e7a486a414630357457414271417241786d4e4776337137396d65536d666a6c6f3978487a3055566c6b63692f4741422f6973624f7874704c32446a6c64466b4e72412b6d3337316c5a54524261645137672b4b6c684967736334786b433546547a4735736877316b4858547576524f6a5a677a4d437135706b6b5138635134614f586d7a48427279302b4d4c712f71586e62624c734a32732f704b3538526f39763970575a624e4a363465486970664e524771556a346e68527158342f4a3831583348375a482f6469502f5a6155596b716e765032324a2f37552f384175704b4b6e2f2f53373568686f2b414d6371594f757148575a6150682f425442303554564d69523846356c395a386f333961796e79544476536235426768656d62674e664153666c71764873323857354e31732b31316a7a3937693550782f4e3946485a6735774144516670616e344b783037467963724969686f6e7864354b6753542f41466e4c63364a6d507858437168725057733064646239426e7861314f6d53426f7578674532656a304f493371654d786a5030526a36554c55787262695973627a344c6d63667158575835447a65665a574a6333594e726a4830616e4e2f6c2f51642b34756a70754e6257754f6d34416c7668503571717a734857766f3234366a7239552b5135345a46656a6a33575a5a687475644e7233504a35312f497257526d42784161494c7456547a57767359786a585062572f654c48312f5361592f5266324e2f77424e434f2f5a52476957766f3354774a395063664863566e6451775756744a70304131326e586a7756436e48366b3279787a6e573075415070624358626959322f324671554f7962715133496a31576953654a2f38414d6b383348394c695777313655386a6c2b334b634f4a31487a576e3957386e302b73347a7959336b74493879465436375636575743507a6d7a39785658457664566658617a36544874655069444b73784e78486b314d67716368347672726536524a2b48696f5532437974746734654134664d5370794a545672456e376c52336e3766482f6432506e396a6c585434724e6e2f4b482f74516a742f3343533771662f2f54377468396f2b415535516d48326a34425442345455684631473455395079726550547073645038415a4b38626b37472b592f38414d6c3633395937417a6f485558482f754f386666375635452b542f65704d66564574676b70334f74594239493841654a4d4c30506f2f524759754d7a633047776958456a5756776e516d7466316246596451586748356172315048634e753152353561674e6a6c78365366467273776d423237734e516735546d7463474e477038504258376e6b4d30456b396c6d5758555535444858626e75756474454e4c6d746a6a66742b676f447132413163677561397275494b7634675a625765386f48564d72467232744c4850446e41666f77584f456d506f742f645573466e705a44716d6e6377487638457569543362624d634e4d48554852427a4b41305477726f41416b4b6a6c327a493741614a4970347a36782f306d73486e616679724b787a2b6e7242343341452f4572512b736279636f476541422f465a7a44507538442b5258636679426f5a2f7743634c3631686773784b4739777749705666447344364b704d7a57324350434566344a71785230486950425a65372f4b452f2b624f502f5a4a615a4b795a50322f6e2f76576a2f77426b306831552f77442f314f3359375166424542434255584f624c6d6c6e674a426b646e2f326b567161706f665757733239417a36775472564a6a6d4151584c79577a3644534232374c31767239346f364a6d32482f4145546d4434762f4145592f367065547670495a365a35476d716b78395653314153644a753948714f4c5965473274422b66745871474c594967386a75764b48746457305047685a447638414e4d72306e702b554c736175356a706261774f487a436935676167746a6c6a36544836756c6b58625765336e78564d753250446e474a354869504e4b35316b533175346a67646c6a327636686265647a6731335a704a6a2b796f5978346d356968786d727031626261496d7632764a49506a4361747872416a6761797365796e4d457563356750637970595032317a6f33666f6549643350386c4f4d4b47374a6c77694173532b31364a6d55437a7a437a38797a6c54322b6b77475a42576231504d5a52525a6334364d42507a374a736432455542627a58584d76487565316c5a3357746337315852774f4e6e387055364853492f465658504c6e467a75584863664d6c46787950486736713947504341484d6e50696d5433665575695874763658695741796654327538693332725233514f467a58314b796655774c4d636e335550304150357239563059383077376f4b78635365466b376a39756d422f7978482f7370433169466a793337624d2f3937502f414c714a6431502f31653262394561646c49465161666149557564416d71636e7237686b58645036647932363433334477726f616250384170323746356b2b336461393038764a48336c642b32345a4f543154717a6a2b6770592f466f3751796f627237472f3841475775586d7a624474447535316b382b4b6b782f732f4e556a5144644a454545636777745836716463464f3370325336477a2b676566452f3446332f4148785941754f6b474e435434617170764f37386f345470774567515651796d424244363432774f4541396c4e6d4d323851596a7a43346e6f5858387173436a494a73726142736354376750442b557574707a32624151596e55453663716c4b4a676150344e364d7549435564457a2b6d30423036452f425637476974326d67436b2f714c5861416765666b7147586d4230747239353752776d325357516b6e633335704d6a4c61316b6b364478304334377266566a6e57656a562f52367a4d2f7645666e6631466f64614c3259547939327274493742637944506c706f465a7777473755356e4b5236427065374d756e3549324b66635155457449352b616e52754477523839565a61657476582f55764a637a714c715478637769422b3833337274777650507175397736786a78724a4f6e396b72304a70504b696e7576586364504a59302f726e2f74612f774464586862576b6172466b2f6265662b39762f7742314530485170662f5737514551465736706c6a4436646b5a4d7761717a735038414b50735a2f77424e794c766131736e376c672f57544f666254566731674e5a666455317a6a79514862336166752b314e7139463343302f7244594f6b2f564e6d494e4c4c324e6f2f744f5071332f3841666c353635776d4432303158542f58624b645a6b303162793574636c7a6a336337336639537555655a6738412f4e5451476c6e71574c4a4c58546f79645a426e73454d4f4f73475a3050775446336a3844436978323130386a6a564f4c474337665333535775376a53463258546e747371613133493058413464766f764475576e6b66334c72756c3551676136647667716d654a7533517753426a547432347a414a6766637166706953514e4f79746d7a65324353673544323156457567654b67424c4f3831395a3767327474593550622f795335746842647277427172335773733547513439687771465a6b6b6637466678527149632f6d4a6357513130624a414c476b63794e464f7353364f30542b4b4378323673664752386b56734634313067715269333164333672754936746a7a326352506b5156364d336865622f41466449485671504d79765277645079714b6536384c754f69787466747638413757702f396c46727549574e4a2b327a332f62502f756f6d6761464c2f39667250534c6d7a4f6f4f673761384c6c6575576a39716774357848306b2f327a742f373831646d476761396f313846772f57366e7436336b316765374b72396f4f6e76616655722f365661556431343675463961476b4f6f4a4f3450333266416e32612f3257726e482b50663841466456396151313956466a42465477584276634277447476396c6375356832364854377a4b6d687331386f504569506750424e332f697048512b5077547662456542546c695848734c584148364a304336446f313850326a6a6d5079726d36542b4f6b725336646361386e546e516e7767364f5557574e784c593565645344335662394154344c4a36356d467462745470704350586b6b314366425933584c584f594152795a4a2f67716d4f494d77337368714249374f4463386c786364436552344954644e50797156684a4d65422b4a5135473754364956384f584d36703250686f386951666755617369572b6568386c58476c54674e4a496a356f315a2b57736166424a41646e704675335071376177506a43372b692b30537761686733452b5338307862445865487a7178774943394a36555732597a37427148514a385a35544a426d6a71473848416a644d7a72354c4a334837622f7743316d66384132565776545646626d4754734d413934374c49394e3332332f7742724d663841736f6d31756c2f2f304f776659525752334b3566367a74325a2b4e6b676137682b425854774861486a5172452b736c42736253514a326e564162686648656e6d5072625163624c4c415a707462363149492b6a5030362f36725848324c6d4e7253505058767946312f77425a324f74796e4e662f41494448624238755678344d4754704850775573446f783542714c5157674e732b51385953503053486374504938442f414e55705a4c52366b2b4931486d46463272516633684a2b49436b595475574c5843543548552b4330656d4e4e6d55494d3751566d636e795776304b73767465534e4a414c76384158344a6d513141736d41584d423664394946496777592f46595057374364423234486a4769364a37523647703751755836733262534270794a506c376c55772f4f33732f383251354c4f43666b50687a4b514874506e2f66796c48332f6c556459385250627956317a436c624870417850616677553674476e79672f67684e4d3175426a54676338386f745439574552726f66464a51334463476c6e786143506b7652667175384f3657444f684131586d3748435736515143463358314e7465656e3274374e73343761684e6e737a5165757852376e547249574c366a6674382f77446d37384f333250617465677855392f6c41574e36492f6148502f657a7334372f596b7764567a2f2f5a2f2b305a6b6c426f62335276633268766343417a4c6a41414f454a4a5451514541414141414141504841466141414d624a556363416741414167414141446843535530454a51414141414141454d33502b6e326f7837344a425842327271384677303434516b6c4e42446f4141414141414f5541414141514141414141514141414141414333427961573530543356306348563041414141425141414141425163335254596d39766241454141414141535735305a5756756457304141414141535735305a5141414141424462484a7441414141443342796157353055326c346447566c626b4a7064474a76623277414141414143334279615735305a584a4f5957316c5645565956414141414145414141414141413977636d6c75644642796232396d5532563064584250596d706a4141414144414251414849416277427641475941494142544147554164414231414841414141414141417077636d39765a6c4e6c64485677414141414151414141414243624852755a573531625141414141786964576c7364476c7555484a76623259414141414a63484a7662325a4454566c4c41446843535530454f774141414141434c5141414142414141414142414141414141415363484a70626e52506458527764585250634852706232357a41414141467741414141424463485275596d3976624141414141414151327869636d4a76623277414141414141464a6e63303169623239734141414141414244636d3544596d397662414141414141415132353051324a7662327741414141414145786962484e6962323973414141414141424f5a335232596d397662414141414141415257317352474a76623277414141414141456c7564484a696232397341414141414142435932746e54324a715977414141414541414141414141425352304a444141414141774141414142535a4341675a473931596b4276344141414141414141414141414564796269426b6233566951472f67414141414141414141414141516d77674947527664574a41622b4141414141414141414141414243636d52555657353052694e536248514141414141414141414141414141414243624751675657353052694e536248514141414141414141414141414141414253633278305657353052694e51654778414a6f7a4d4141414141414141414170325a574e3062334a4559585268596d39766241454141414141554764516332567564573041414141415547645163774141414142515a314244414141414145786c5a6e5256626e524749314a73644141414141414141414141414141414146527663434256626e524749314a736441414141414141414141414141414141464e6a62434256626e5247493142795930425a41414141414141414141414145474e79623342586147567555484a70626e5270626d646962323973414141414141356a636d3977556d566a64454a766448527662577876626d6341414141414141414144474e79623342535a574e305447566d64477876626d6341414141414141414144574e79623342535a574e30556d6c6e614852736232356e41414141414141414141746a636d3977556d566a6446527663477876626d634141414141414468435355304437514141414141414541414c526d594141514143414174475a67414241414934516b6c4e42435941414141414141344141414141414141414141414150344141414468435355304544514141414141414241414141423434516b6c4e42426b414141414141415141414141654f454a4a5451507a414141414141414a414141414141414141414142414468435355306e454141414141414143674142414141414141414141414934516b6c4e412f554141414141414567414c325a6d4141454162475a6d4141594141414141414145414c325a6d414145416f5a6d614141594141414141414145414d67414141414541576741414141594141414141414145414e514141414145414c514141414159414141414141414534516b6c4e412f6741414141414148414141502f2f2f2f2f2f2f2f2f2f2f2f2f2f2f2f2f2f2f2f2f2f2f2f2f2f2f2f3844364141414141442f2f2f2f2f2f2f2f2f2f2f2f2f2f2f2f2f2f2f2f2f2f2f2f2f2f2f2f2f412b6741414141412f2f2f2f2f2f2f2f2f2f2f2f2f2f2f2f2f2f2f2f2f2f2f2f2f2f2f2f2f77506f4141414141502f2f2f2f2f2f2f2f2f2f2f2f2f2f2f2f2f2f2f2f2f2f2f2f2f2f2f2f3844364141414f454a4a5451514941414141414141514141414141514141416b414141414a4141414141414468435355304548674141414141414241414141414134516b6c4e42426f414141414141343041414141474141414141414141414141414141446d4141414179414141414377415677426f414745416441427a41454541634142774143414153514274414745415a77426c414341414d674177414445414e774174414441414f414174414441414f514167414745416441416741446b414c674177414441414c6741784144514149414251414530414c674271414841415a51426e4141414141514141414141414141414141414141414141414141414141414142414141414141414141414141414144494141414135674141414141414141414141414141414141414141414241414141414141414141414141414141414141414141414141424141414141424141414141414141626e5673624141414141494141414147596d3931626d527a54324a71597741414141454141414141414142535933517841414141424141414141425562334167624739755a77414141414141414141415447566d64477876626d6341414141414141414141454a30623231736232356e4141414135674141414142535a326830624739755a774141414d674141414147633278705932567a566d784d6377414141414650596d706a41414141415141414141414142584e7361574e6c41414141456741414141647a62476c6a5a556c45624739755a77414141414141414141485a334a766458424a52477876626d63414141414141414141426d397961576470626d5675645730414141414d52564e7361574e6c54334a705a326c754141414144574631644739485a57356c636d46305a5751414141414156486c775a575675645730414141414b52564e7361574e6c56486c775a5141414141424a6257636741414141426d4a766457356b63303969616d4d41414141424141414141414141556d4e304d51414141415141414141415647397749477876626d634141414141414141414145786c5a6e52736232356e41414141414141414141424364473974624739755a774141414f594141414141556d646f64477876626d63414141444941414141413356796246524657465141414141424141414141414141626e5673624652465746514141414142414141414141414154584e6e5a56524657465141414141424141414141414147595778305647466e564556595641414141414541414141414141356a5a5778735647563464456c7a5346524e54474a76623277424141414143474e6c624778555a5868305645565956414141414145414141414141416c6f62334a36515778705a32356c626e5674414141414430565462476c6a5a556876636e704262476c6e626741414141646b5a575a68645778304141414143585a6c636e524262476c6e626d5675645730414141415052564e7361574e6c566d56796445467361576475414141414232526c5a6d4631624851414141414c596d644462327876636c52356347566c626e5674414141414555565462476c6a5a554a485132397362334a556558426c4141414141453576626d55414141414a644739775433563063325630624739755a774141414141414141414b6247566d6445393164484e6c64477876626d6341414141414141414144474a76644852766255393164484e6c64477876626d6341414141414141414143334a705a3268305433563063325630624739755a774141414141414f454a4a5451516f414141414141414d41414141416a2f7741414141414141414f454a4a54515152414141414141414241514134516b6c4e424251414141414141415141414141424f454a4a5451514d4141414141424243414141414151414141497341414143674141414270414142426f41414142416d4142674141662f592f2b30414445466b62324a6c58304e4e41414c2f3767414f51575276596d55415a494141414141422f3973416841414d434167494351674d43516b4d4551734b437845564477774d4478555945784d5645784d594551774d4441774d4442454d4441774d4441774d4441774d4441774d4441774d4441774d4441774d4441774d4441774d4151304c4377304f4452414f446841554467344f4642514f4467344f4642454d4441774d444245524441774d4441774d4551774d4441774d4441774d4441774d4441774d4441774d4441774d4441774d4441774d44417a2f7741415243414367414973444153494141684542417845422f3930414241414a2f38514250774141415155424151454241514541414141414141414141774142416751464267634943516f4c41514142425145424151454241514141414141414141414241414944424155474277674a436773514141454541514d43424149464277594942514d4d4d77454141684544424345534d51564255574554496e47424d6759556b61477851694d6b46564c42596a4d30636f4c525177636c6b6c50773466466a637a55576f724b444a6b53545647524677714e304e68665356654a6c38724f4577394e31342f4e474a35536b68625356784e546b394b57317864586c39565a6d646f615770726247317562324e3064585a3365486c3665337839666e3978454141674942416751454177514642676348426755314151414345514d684d524945515646686353495442544b426b5253687355496a77564c5238444d6b5975467967704a445578566a637a54784a5159576f724b444279593177744a456b31536a4632524656545a305a654c79733454443033586a38306155704957306c6354553550536c74635856356656575a6e61476c7161327874626d396963335231646e64346558703766482f396f4144414d42414149524178454150774430466c544332646f3448594b597171484c576e35424d7a674479342b536d4f5a372f6a3855725174364e576e7362384943586f31523942762b61464c5350753053476b6e38715670706a364e63667a62667543676171653747362b51342b35454a43713575626a5964427679586975766a586b6e39317252394a7956715a6c74484f7875756e30522f636f455934424a59774478496175553668396337374846754777557431487150397a2f6930665159734c4a366c6d5a546962376e32456e38346e2f715538526b6642615348304935485467645453503831455937456439466c62683542704833727a49754135524b736d326b7a55397a49503570492b6150436536323330765a51654b32482b7950376c4e724b4f50545a2f6d6a2b35634a682f576a714f4f344237686b566a5461375233396c345856644c367a6839517244713362582f6e566e3651502f667636794242435151365070302f754d6e2b7150376c483071706a593337676e33434569542f656c61575070317a713176334250745a50305250774351506a776e302f7653557832732f646239796a74627534484d63667956496e5750764b485036546e763841393853552f77442f305051326173487955775278323749544a4c5232386b51485858376b6c4c6b3930696d4a6e372b796a4d6a7a53553175706451782b6e346a38712f36444e4774423165342f52597a2b5576504f703955767a386832526b756b6b2b31672b6930666d73597266317236756337714c7171336671324a4c4b78324c2f384c5a2f3378594a4c75653547696b6848537a7556704f744d3357654b6265414f6454344b47375539796b4354774a506750424f7441444d7648786c4e75507752713861783861523449343665386a5451707079523773677853493261676472716a597556626a584e7571647465777944342b525374777257416b366f4842382b4534454659594562696e3058705055363833475a59325a5030682b36346653613561504130584266567271447358506255542b69795061346679767a48663841665633565a6b63706b68536779312b394d4441312b536661564b4164492b61436d4949512f77444463666e2f41506f704767632b43442f32706950384c482f6745704b662f39483043754e6f6e77454b6252322f42435a77337a4152415438447967706c2f486c5a6e316936682b7a756b35475130785a743256654f352f7343303558462f58374c6c2b4c684e34453350482f51722f372b69425a4155387077415861787956457964546f416d4a33504867335835714a655876414848622b395445304541576e6f6f4e7267496d657932635870625774456a58756f394636645a6166554f676e52644658684f624150336c56636d5133546378347742644f6256674161674b774d5a6a52723936752f5a6e6b706e343561506352383946465a5a484976786741663472477a736261533967343558525a4461775070742b395a57553051576e554f345069705953494c484f4d5a417552553878756249634e5a423130377230546f32594d7a417175615a4a455048454f476a6c35737877613874506a433676366c35323279374364725036537566456150622f61566d577a53657548683471587a5552716c492b4a3455616c2b5079664e5639782b32522f33596a2f32576c474a4b70377a397469662b31502f414c715369702f2f30752b595961506744484b6d44727168316d576a3466775577644f553154496b6642655a6657664b4e2f577370386b7737306d2b51594958706d34445877456e35617278374e76467554646250746459382f6534755438667a66525232594f63414130483657702b4373644f78636e4b79496f614a385865536f456b2f77425a79334f695a6a385677716f617a31724e4858572f515a38577454706b67614c7359424e6e6f3944694e366e6a4d597a3945592b6c43314d6132346d4c47382b43356e48366c316c2b5138336e325669584e32446134783947707a663566304866754c6f36626a5731726a7075414a6234542b61717337423172364e754f6f362f56506b4f654752586f3439316d575962626e5461397a79656466794b316b5a67635147694337565538317237474d59317a3231763369783966306d6d503058396a66384154516a763255526f6c72364e303843665433487833465a33554d466c62536164414e6470313438465170782b704e7373633531744c67443657776c32346d4e763968616c44736d366b4e794939566f6b6e69662f41444a504e782f53346c734e656c5049356674796e446964523831702f56764a3950724f4d386d4e354c53504d68552b7531656c6c676a3835732f635656784c3356583132732b6b7837586a346779724d546352354e54494b6e49654c363633756b5366683471464e67737262594f48674f487a45716369553161784a2b355564352b33782f33646a352f593556302b4b7a5a2f79682f375549376639776b75366e2f2f302b375966615067464f554a68396f2b41557765453149526452754650543871336a30366248542f4147537647354f78766d502f41444a65742f574f774d36423146782f376a7648332b316552506b2f3371544831524c594a4b647a72574166535041486954433944365030526d4c6a4d334e4273496c7849316c634a304a72583957785748554634422b577139547833446274556565576f44593563656b6e7861374d4a676475374455494f55357258426a5271664477562b3535444e424a505a5a6c6c31464f517831323537726e62524453357259343337666f4b413674674e58494c6d7661376943722b494757316e764b4231544b7861397253787a77357748364d467a684a6a364c6633564c425a365751367070334d42372f424c6f6b3932327a48445442314230516379674e45384b3641414a436f356473794f774769534b654d2b7366394a724235326e38717973632f703677654e774250784b30507247386e4b426e674166785763777a3776412f6b563348386761476638416e432b7459594c4d536876634d434b56587737412b6971544d3174676a7768482b436173556442346a775758752f7968502f6d7a6a2f3253576d53736d543976352f37316f2f38415a4e4964565038412f395474324f3048775241516756467a6d7935705a3443515a485a2f397046616d716148316c724e76514d2b7345363153593567454679386c732b6730676475793962362f654b4f695a74682f77424535672b4c2f774247502b71586b37365347656d65527071704d6656557451456e53627652366a69324868747251666e37563668693243495049377279683758567444786f5751372f4144544b394a36666c43374772755936573273446838776f7559476f4c5935592b6b782b72705a4632316e74353856544c746a773578696552346a7a5375645a457462754934485a5939722b6f57336e63344e64326153592f7371474d654a75596f635a713664573232694a72397279534434776d7263617749344773724873707a424c6e4f5944334d715744397463364e3336486948647a2f4a546a436875795a6349674c45767465695a6c41733877732f4d7335553976704d426d51566d39547a47555557584f4f6a4154382b79624864684641573831317a4c78376e745a57643172584f39563063446a5a2f4b564f683069507856567a79357863376c7833487a4a5263636a78344f7176526a7767427a4a7a34706b3933314c6f6c37622b6c346c674d6e3039727649743971306430446863313953736e314d437a484a3931443941442b612f566447504e4d4f36437358456e685a4f342f627067663873522f374b517459685938742b327a502f657a2f774336695864542f3958746d2f52476e5a534255476e3269464c6e514a716e4a362b345a4633542b6e637475754e3977384b36476d7a2f414b647578655a507433577664504c795239355866747547546b39553673342f6f4b575078614f304d7147362b78762f41426c726c3573327737513775645a505069704d6637507a56493041335352424248494d4c562b716e5842547436646b7568732f6f486e78502b42642f77423857414c6a70426a516b2b477171627a752f4b4f45366342494546554d706751512b754e73446841505a545a6a4e764547493877754a3646312f4b72416f7943624b32676248452b3444772f6c4c726163396d7745474a31424f6e4b70536959476a2b44656a4c69416c48524d2f707441644f6850775665786f7264706f417050366931326749486e354b686c3567644c612f656530634a746b6c6b4a4a334e2b6154497932745a4a4f67386441754f3633315935316e6f31663065737a503778483533395261485769396d453876647137534f77584d677a3561614257634d4275314f5a796b65676158757a4c702b534e696e334546424c534f666d70306267384566505657576e7262312f314c79584d3669366b38584d496766764e393637634c7a7a367276634f735938617954702f5a4b39436154796f7037723133485479574e5036352f37577638413356345731704771785a5032336e2f76622f384164524e42304b582f3175304245425675715a59772b6e5a47544d47717337442f41436a3747663841546369373274624a2b355950316b7a6e323031594e5944575833564e6334386b423239326e377674546176526477745036773244705031545a69445379396a615037546a36742f2f414835656575634a6739744e56302f3132796e575a4e4e57387562584a633439334f39332f55726c486d595041507a553042705a366c6979533130364d6e57515a374244446a72426d644438457864342f41776f73647464504934315469786775333074306c7275343068646c303537624b6d7464794e46774f4862364c77376c703548397936377065554947756e62344b706e696274304d456759303764754d77435948334b6e36596b6b445473725a733374676b6f4f51397456524c6f48696f41537a764e665765344e7262574f54322f386b756259515861384161713931724c4f526b4f5059634b68575a4a482b7858385561694850356958466b4e64477951437870484d6a52547245756a74452f69677364757248786b664a466242654e64494b6b59743958642b7137694f725938396e4554354546656a4e34586d2f774258534231616a7a4d72306348543871696e757643376a6f73625837622f414f3171662f5a52613769466a53667473392f327a2f37714a6f4768532f2f58367a306935737a71446f4f3276433558726c6f2f616f4c656352394a50397337662b2f4e585a686f4776614e66426350317570376574354e59487579712f61447037326e314b2f2b6c576c4864654f72686657687044714354754439396e774a396d76396c7135782f6a332f4142585666576b4e66565259775255384677623341634137622f5a584c7559647568302b3879706f624e664b4478496a34447754642f34715230506a384537327848675535596c7837433177422b6964417567364e6644396f34356a387135756b2f6a704b30756e5847764a3035304a38494f6a6c466c6a6353324f586e55673931572f51452b437965755a68625737553661516a31354a4e516e77574e3179317a6d4145636d5366344b706a69444d4e37496167534f7a6733504a635848516e6b65434533545438716c59535448676669554f5275302b694666446c7a4f71646a346150496b4834464772496c766e6f664a5678705534445353492b614e57666c72476e775351485a365262747a36753273443477752f6f76744573476f594e78506b764e4d57773133683836736343417653656c46746d4d2b77616830436647655579515a6f36687642774933544d362b537964782b322f3841745a6e2f414e6c56723031525735686b37444150654f797950546439742f3841617a482f414c4b4a746270662f394473483245566b647975582b7337646d666a5a49477534666756303842326834304b7850724a516247306b4364703151473458783370356a3632304847797977476162572b745343506f7a394f762b7131783969356a61306a7a313738686466384157646a7263707a582f774341783277664c6c636544426b36527a38464c41364d6551616930466f4462506b5047456a394568334c547950412f7744564b575330657050694e5235685264713048393453666941704745376c6931776b2b523150677448706a545a6c43444f30465a6e4a386c723943724c37586b6a535143372f41462b435a6b4e514c4a67467a41656e66534253494d47507857443175776e5164754234786f7569653065687165304c6c2b724e6d306761636954356535564d507a7437502f4e6b4f537a676e35443463796b423754352f33387052392f3556485750455432386c64637770577836514d54326e38464f725270386f50344954544e62675930344850504b4c552f5668456136487853554e773342705a3857676a354c305836727644756c677a6f514e56357578776c756b4541686431395462586e703972657a624f4f326f545a374d3048727355653530367946692b6f33376650384135752f4474396a3272586f4d5650663551466a65695032687a2f3373374f4f2f324a4d4856632f2f3254684353553045495141414141414159514141414145424141414144774242414751416277426941475541494142514147674162774230414738416377426f414738416341414141426b415151426b414738415967426c414341415541426f414738416441427641484d4161414276414841414941424441454d4149414179414441414d514131414334414e514141414145414f454a4a54515147414141414141414841415541414141424151442f3451334c6148523063446f764c32357a4c6d466b62324a6c4c6d4e7662533934595841764d5334774c7741385033687759574e725a585167596d566e6157343949752b377679496761575139496c63315454424e63454e6c61476c49656e4a6c5533704f56474e3661324d355a43492f5069413865447034625842745a585268494868746247357a4f6e6739496d466b62324a6c4f6d357a4f6d316c64474576496942344f6e68746348527250534a425a4739695a53425954564167513239795a5341314c6a5974597a457a4d6941334f5334784e546b794f445173494449774d5459764d4451764d546b744d544d364d544d364e44416749434167494341674943492b494478795a475936556b5247494868746247357a4f6e4a6b5a6a30696148523063446f764c336433647935334d793576636d63764d546b354f5338774d6938794d6931795a47597463336c75644746344c57357a4979492b494478795a4759365247567a59334a706348527062323467636d526d4f6d46696233563050534969494868746247357a4f6e68746345314e50534a6f644852774f693876626e4d7559575276596d5575593239744c336868634338784c6a4176625730764969423462577875637a707a64455632644430696148523063446f764c32357a4c6d466b62324a6c4c6d4e7662533934595841764d5334774c334e556558426c4c314a6c63323931636d4e6c52585a6c626e516a4969423462577875637a706b597a30696148523063446f764c334231636d777562334a6e4c32526a4c3256735a57316c626e527a4c7a45754d533869494868746247357a4f6e426f6233527663326876634430696148523063446f764c32357a4c6d466b62324a6c4c6d4e76625339776147393062334e6f623341764d5334774c79496765473173626e4d366547317750534a6f644852774f693876626e4d7559575276596d5575593239744c336868634338784c6a4176496942346258424e5454704562324e316257567564456c4550534a685a4739695a54706b62324e705a4470776147393062334e6f623341364d4463344d7a67304e4445745a444133597930784d5464684c5749785a5451745a6d59304e5751344d7a42684d475932496942346258424e5454704a626e4e305957356a5a556c4550534a346258417561576c6b4f6d566b4d7a593059544d784c5445335a5755744e4441334e4330354d47557a4c544531597a6b784d7a6b304e4759795a694967654731775455303654334a705a326c755957784562324e316257567564456c45505349334e4549344d3056425244597a4f4545784f4441334d5452474e6b4a464d304d794d6b4a444f5467354d7949675a474d365a6d39796257463050534a706257466e5a5339716347566e496942776147393062334e6f623341365132397362334a4e6232526c5053497a496942776147393062334e6f6233413653554e4455484a765a6d6c735a543069496942346258413651334a6c5958526c524746305a5430694d6a41784e7930774f4330774f5651794d546f774d6a6f794f5373774e546f7a4d434967654731774f6b31765a476c6d6555526864475539496a49774d5463744d446b744d444a554d6a41364d5463364e4459724d4455364d7a4169494868746344704e5a5852685a4746305955526864475539496a49774d5463744d446b744d444a554d6a41364d5463364e4459724d4455364d7a416950694138654731775455303653476c7a644739796554346750484a6b5a6a70545a58452b494478795a47593662476b6763335246646e513659574e306157397550534a7a59585a6c5a43496763335246646e51366157357a644746755932564a52443069654731774c6d6c705a446f325a6a59784f5467785a53316d5a6a5a6d4c5452694f446b744f54457a595330775a4445784e6a46684f5459785a6a6b6949484e3052585a304f6e646f5a573439496a49774d5463744d446b744d444a554d6a41364d5463364e4459724d4455364d7a416949484e3052585a304f6e4e765a6e523359584a6c5157646c626e5139496b466b62324a6c4946426f623352766332687663434244517941794d4445314c6a55674b45316859326c756447397a61436b6949484e3052585a304f6d4e6f5957356e5a575139496938694c7a346750484a6b5a6a70736153427a64455632644470685933527062323439496e4e68646d566b4969427a6445563264447070626e4e305957356a5a556c4550534a346258417561576c6b4f6d566b4d7a593059544d784c5445335a5755744e4441334e4330354d47557a4c544531597a6b784d7a6b304e4759795a69496763335246646e51366432686c626a30694d6a41784e7930774f5330774d6c51794d446f784e7a6f304e6973774e546f7a4d43496763335246646e51366332396d64486468636d56425a3256756444306951575276596d5567554768766447397a6147397749454e44494449774d5455754e53416f5457466a6157353062334e6f4b53496763335246646e513659326868626d646c5a4430694c794976506941384c334a6b5a6a70545a58452b49447776654731775455303653476c7a6447397965543467504339795a4759365247567a59334a70634852706232342b49447776636d526d4f6c4a45526a3467504339344f6e68746347316c6447452b4943416749434167494341674943416749434167494341674943416749434167494341674943416749434167494341674943416749434167494341674943416749434167494341674943416749434167494341674943416749434167494341674943416749434167494341674943416749434167494341674943416749434167494341674943416749434167494341674943416749434167494341674943416749434167494341674943416749434167494341674943416749434167494341674943416749434167494341674943416749434167494341674943416749434167494341674943416749434167494341674943416749434167494341674943416749434167494341674943416749434167494341674943416749434167494341674943416749434167494341674943416749434167494341674943416749434167494341674943416749434167494341674943416749434167494341674943416749434167494341674943416749434167494341674943416749434167494341674943416749434167494341674943416749434167494341674943416749434167494341674943416749434167494341674943416749434167494341674943416749434167494341674943416749434167494341674943416749434167494341674943416749434167494341674943416749434167494341674943416749434167494341674943416749434167494341674943416749434167494341674943416749434167494341674943416749434167494341674943416749434167494341674943416749434167494341674943416749434167494341674943416749434167494341674943416749434167494341674943416749434167494341674943416749434167494341674943416749434167494341674943416749434167494341674943416749434167494341674943416749434167494341674943416749434167494341674943416749434167494341674943416749434167494341674943416749434167494341674943416749434167494341674943416749434167494341674943416749434167494341674943416749434167494341674943416749434167494341674943416749434167494341674943416749434167494341674943416749434167494341674943416749434167494341674943416749434167494341674943416749434167494341674943416749434167494341674943416749434167494341674943416749434167494341674943416749434167494341674943416749434167494341674943416749434167494341674943416749434167494341674943416749434167494341674943416749434167494341674943416749434167494341674943416749434167494341674943416749434167494341674943416749434167494341674943416749434167494341674943416749434167494341674943416749434167494341674943416749434167494341674943416749434167494341674943416749434167494341674943416749434167494341674943416749434167494341674943416749434167494341674943416749434167494341674943416749434167494341674943416749434167494341674943416749434167494341674943416749434167494341674943416749434167494341674943416749434167494341674943416749434167494341674943416749434167494341674943416749434167494341674943416749434167494341674943416749434167494341674943416749434167494341674943416749434167494341674943416749434167494341674943416749434167494341674943416749434167494341674943416749434167494341674943416749434167494341674943416749434167494341674943416749434167494341674943416749434167494341674943416749434167494341674943416749434167494341674943416749434167494341674943416749434167494341674943416749434167494341674943416749434167494341674943416749434167494341674943416749434167494341674943416749434167494341674943416749434167494341674943416749434167494341674943416749434167494341674943416749434167494341674943416749434167494341674943416749434167494341674943416749434167494341674943416749434167494341674943416749434167494341674943416749434167494341674943416749434167494341674943416749434167494341674943416749434167494341674943416749434167494341674943416749434167494341674943416749434167494341674943416749434167494341674943416749434167494341674943416749434167494341674943416749434167494341674943416749434167494341674943416749434167494341674943416749434167494341674943416749434167494341674943416749434167494341674943416749434167494341674943416749434167494341674943416749434167494341674943416749434167494341674943416749434167494341674943416749434167494341674943416749434167494341674943416749434167494341674943416749434167494341674943416749434167494341674943416749434167494341674943416749434167494341674943416749434167494341674943416749434167494341674943416749434167494341674943416749434167494341674943416749434167494341674943416749434167494341674943416749434167494341674943416749434167494341674943416749434167494341674943416749434167494341674943416749434167494341674943416749434167494341674943416749434167494341674943416749434167494341674943416749434167494341674943416749434167494341674943416749434167494341674943416749434167494341674943416749434167494341674943416749434167494341674943416749434167494341674943416749434167494341674943416749434167494341674943416749434167494341674943416749434167494341674943416749434167494341674943416749434167494341674943416749434167494341674943416749434167494341674943416749434167494341674943416749434167494341674943416749434167494341674943416749434167494341674943416749434167494341674943416749434167494341674943416749434167494341674943416749434167494341674943416749434167494341674943416749434167494341674943416749434167494341674943416749434167494341674943416749434167494341674943416749434167494341674943416749434167494341674943416749434167494341674943416749434167494341674943416749434167494341674943416749434167494341674943416749434167494341674943416749434167494341674943416749434167494341674943416749434167494341674943416749434167494341674943416749434167494341674943416749434167494341674943416749434167494341674943416749434167494341674943416749434167494341674943416749434167494341674943416749434167494341674943416749434167494341674943416749434167494341674943416749434167494341674943416749434167494341674943416749434167504439346347466a61325630494756755a4430696479492f50762f75414135425a4739695a51426b514141414141482f327743454141514441774d44417751444177514742414d45426763464241514642776747426763474267674b43416b4a43516b4943676f4d4441774d44416f4d4441774d4441774d4441774d4441774d4441774d4441774d44417742424155464341634944776f4b4478514f446734554641344f446734554551774d4441774d4552454d4441774d444177524441774d4441774d4441774d4441774d4441774d4441774d4441774d4441774d4441774d44502f4141424549414f594179414d4245514143455145444551482f3351414541426e2f7841476941414141427745424151454241414141414141414141414542514d43426745414277674a4367734241414943417745424151454241414141414141414141454141674d454251594843416b4b437841414167454441774945416759484177514342674a7a4151494445515141425345534d55465242684e68496e474246444b526f5163567355496a77564c5234544d575976416b636f4c784a554d3055354b69736d4e7a776a56454a354f6a737a59585647523077394c694343614443516f59475953555255616b74466254565367613875507a784e546b39475631685a576c746358563566566d646f615770726247317562324e3064585a3365486c3665337839666e397a684957476834694a696f754d6a59365067704f556c5a61586d4a6d616d3579646e702b536f36536c7071656f71617172724b327572364551414341674543417755464241554742416744413230424141495241775168456a46424256455459534947635947524d714778384254423065456a51685653596e4c784d795130513449576b6c4d6c6f6d4f797767647a306a586952494d58564a4d4943516f594753593252526f6e5a4852564e2f4b6a73384d6f4b64506a38345355704c5445314f54305a5857466c6157317864586c39555a575a6e61476c7161327874626d396b64585a3365486c3665337839666e397a684957476834694a696f754d6a593650673553566c7065596d5a71626e4a32656e354b6a704b576d703669707171757372613676722f3267414d41774541416845444551412f4150586c7459326a4a47544374654e416549472b3336734a4a5930726a54726170486f52314651547848362f484478466a53736d6e57564378686a5a74785869506c754b59385253496863644c73714266516a34456248694d496b564d584c70646879716261493861564a5141622b314d654d7277744e7064676f2f336d6970334a52612f4c706a786e7178344b624f6d61617657316a507a5155726a78456e6d7949555470566753414c574776586442536737644d544d704551702f6f7a5331504c3674455457684c49414e2f6f375969525868436e2b69744f46663945694138505453763673654d6f41513530375367357061773050663031473333595249393745725470326b6a37566e447836314d613744377348695561744331644f30677357533068414f395054552f77797a6a4b75476e3651773274494b393678722f544478494a5650305a704837466e4278486a477539506f784579774132574c70756b6c6c58366c44336f544774503159524c644e464552615a706c4e374f47674e535054546635625a49794b674e6e53744e444d425a77376e6239327450315938525a7163756c574878415773565039526677327743533070666f367844562b727856473141693950757757676a5a6f324e6d467039586a4859416f704e5075776b6c4844625973624a64784248786270564632384d466c4e624c6861576f46505351443543687737735246787462516a654641773236436e30654f48694954777155384675734d684553714f4a7073414f6d78787373414e332f3944324c616c52476f366d674c4474734f755056414b4c56755171447431346a705165474b56796e6c566e7172562b48356e466772565a6d70536a41626764362b35384d553771584d4a76786f614376576e33347042564b6e6a7a5944627837563938557445386943457176586675446971693755576f4e4e2f70474b6f53516a645378574962672b2f6867766467556a316258394d3070476e314337534645472f4a674749485944726a666378743576726e35336144617352707179586262385849344c583663746a6a6b65694f4a6731392b653275544f5461323855616a2b59735361623735614e4d4f70613553532f2f414a5862356f5a717236564430415530322b6e4c5041423673444b3034303738394e533566376b4c56484735426a4a4833342b42334d51576161522b637568337a4c48655347325054346c364835355877454a34743266615a356830375559765674706b6b55394f4463682b47514c6247567076464a7479552b344936626650466d72637733587676516550746b7256736c67514366745672536e34597170664679714f76636532425846756c542f48456c5769447849413250513468576858774f77705473506c6b316171527350736a73634251536872747974744d74543968694b2f4c66444864684b72662f2f523969516b2b6b7130422b45476f375a416d326f6c474b5759555531354462364f323254445946796d693046514f346262327853712b70536f70536e2b315446566c43327850586f6576766972697972514c54705862734d56574f79676375784e6439766f78564c373355626178686b754c3656494949366b794f31465836543379484578456e67766e3338375844793664355a49554b654c33726646792f3156792f48674d747a7961354542346871336d545574547557757236346b6e6d50326d6b596e6635644d7a3477456554535a7053317935636c7a75652f67526b7777636a5546547433486a7637596c445831696c5377324a7055596b556e684b6f4a314c6248345166672b65424337367a7855426a795962484367706e6f2f6d585639446d452b6d3354776c535067427170414e61557942694373535876336b4c3833724c563069744e534967314c5a64396c657658355a6a79675157775349657478336b633668305962696f794465712b7056677534774b343062343979657877417369466c4154513148396353574b2f6d6c4e7a5432373456647a44456e632b32504a564f513172513055654753346c517436342b707a30375250567647696e47504e684b76692f2f394c324e616d734b6e596d6c5434302f726a51514169456f4b73472b5074767476694571794f435255414d507464366b446246584d61304950765162564f4b744462344f4e4b673764766246566e772f7456423637647833474b6f472b766f624b436137754745554d43463558593043714e79664449794e494c35562f4d37387a5a2f4e5634316c707a74426f567578434c7657556730354d5066734d7973474774354e664a35565063714e6c592b6f547565352b655a78446a555545317855304a46563759725161446d764a6946586366666a625949374e724c795972553136596f6f4c476c5837497279705555774d6961576d5269793852586270576732775778504e636a767679324a72554443536f697171366756364c536f72343432784d566579764a594a524a47355752434344304e5269525959386e306a2b566e6e7864597442625855684e37626a3431623971507079475973343032527533726c746351334d595a44794464387174744b4a4a41464230416f546b61626c4a6a7547472b335565474c55525331326567596e66705432776f5868785372476a6471652b4b56316552343874362b48343457456a305175714d42595858616b4d6e5870396b35496332542f2f302f5964724971516f6f2b4c345144546567384d72346d4a4b495277366b4c756155506262726b34386b6856536c4f5854656842505559557475776f534366386b6471652b4b724333616e476e583663565535692f51554b6b44636547416d6d4a664f6635382f6d4f346c506c48544a61527238576f757036676a5a503635647073526d654c6f6963714435356e75324f366e6b66326631622f4c4e6b5845347a61466552547357334f333364786b57362b71796e4f704a412f6a67596757586644514c797152755234447469324e71696a7638506344664261694b6f73515a6878466473695a557a4543565557624e76783355453148746b6645444c776a334c654846413144346a3957533477774d53466c5742707832384d6d31384b3448632b41336f4f6f7767306a68547a793572747a6f6d707758317161656d5158424f7a4965716e356a4249416845724436363871363161367270647465327244305a5556674232714e78746d46494a6957554c4c7946434b6a7454624974746c32356f656e3678696b7974794372553641623734734637322f656f3236444658434b6e76587239506869714631594264497658366b573874612b5041354d4b2f2f315058396d5553494774517941567075616a4b746d4146496f4d6e646a5564436576544c414b5a716953554b7179376d7452324a77713244556b65505564735655325a75525a54304778705446574e2b65504d6c74355930433831616368665255695073576b5955412b2f4b70456b307446384c367671317a71756f584f7058546d53367548615352794b376b357573593449304847794730754b664153646d4c645043754667494b54385635476c573655726b5730624b514a6f6566577441766232794a6c5352465874344a5a44776a46574f322f683838706c4e7568694a54697a304b64797253564b6b566f426d4e4c5542324750535764325132506c317941684778336f422b764d4f655a32454e4b4c54654879344273597766656c63674d706276793444552f6c754254526c346e66345254766c6b6335614a36614c48395430414a386351705471434e7675475a554d376735744c334d616c5634474b50514d4f755a385a3236755561357230343748616e536f796242376e2b53586d4a6f316c3061655834315950436850374c64525432796a4a48653249414436427452786a48683071656d59355a496b685438494e4770735276696c63454e614b52536e6646433952527474314e646a3078566f66612b4956392f444655427270413050556e364557307648356c446b6f3831662f395831395a7344456a4e73416f49384f6d564669694e7946644e362b48547254766b6755717167426551335055307961567a5556647668727651623471736b4a3349623475752f632b3241386c664d6e2f4f53666d6c704c697838737750516637305843413071516143755761615046496e75524937552b667954586b65673655386332625342757053796c7a38412b4476346b6e765841795532516f6166746b30346a746c636979454c544c54394e396152527871785054743873775a354f46324f4c546a5a6e326a2b577741476450695074334f613265556c322b4c434179693030434f672b4541644e68584d616379484c45516d3047686c434b4c397272583279766a5a674a68467071786746674742424f3232455459456f472f3036492f454161394f49375a5a47545742624864517353704e41434b646659356247534a5132594a722b6c7165556b536a6d4b6b2f526d7977354855366a42746245345a50546c5a574172576d2f584e6d4459644b52525a5635563163364e726c6e6573575655594232422f595055596b57474d68732b784e477530764c4743367433456b5571426c59654233706d4751736553634c317253677038714849705656576f3545397669474b5635466632714b656e6a69713274463439676436373963554a5235706c432b57745764525166565a742f6267656d53484e532f77442f317658467178456366514469707034626438714c58614d576f5131337161676a77774d6c56484b4e5252576f4148664c515753707a46505944372f4843714476705669695a79337767456e774137375a565064736948776a2b594f747635683835616e714263756e717448442f4b45516b436e335a733950476f4e452b624570335a3353466475577a6e396f4c337a4961373370664c4b6b436367414b624164736849307943793235537557633162396d6e766d446b6e546d593468364435523079615a31634953765539786d727a5444766347505a36765961635651636b346a6f443765464d312f45357162523261714b6b483239713444496c4b6f493236414862624971325970477256534166627468415155446377736f4a4832656c652b58514b4e67783355596e586c56616b626a787930417259596e66784b794f54537042424f5a4d43303552733879314f4c367465736f2b6b643648766d36777973504b356f3149713863684b715230585944766c78617266552f354c655946315879326b4573674d316f66525a523134667331726d4c4a443162626a58714f7850686c5a4b5736767948776968326f504478785664556a71642b31635657475567555066725471514d4c435631736b586d32594c3557316a702f764c4c55482f4146634d65624a2f2f39663176625561434d41674f7969752f59444b6a7a596b49794e5278566a5870314f3470382b324256525361564879722f544a7853463161437046434f767979525377663830664d436558764b47715878634358305769692f34795362554833355750564b6d77536f506865356d415a7057503779526954342f646d35416f4f4b68596d2b334b2b784f344a374477784b414550504c3670395471782b474e6576345a5849374e675a5235593056373252467144576c523050797a585a6a526476706f436e30563555387551575674476841725156727476544e546c4e6c334554515a6c4870397131516f4162624d59687342524a7345555541464273506e6770695a4b54327476626a6e4c51416d74446b67456353516170356b30697a6267745a5858736e746c776862457a596e662b6562514e534b786b593968537658355a6c78776b6878355a536c467a72397a64497a4c59794b6872546b7079666830735a6b736631467655517647724b34717a49663459384c5a627a727a516a52584564774b4545554a2f484e6c706a74546f395a4141326c316a6338763354476c5255625a6d75744265752f6b62727a57586d63574a656b563276446764366b5a524d4a665655524369672b49647438783174585a714c74583350384d56616f547835476f707634307768564e2f7339647644745846575065644845666c44576d3641576b6f486a7570337778357142542f2f513962325a7044487a3767626a66714d70596f6a6c79556861674b61635474756357515659354141616452745474584a41307032626467616b2f6138664435346b6f74344a2f7741354a366e36576b57476d673057346c4c7963543143447638414d355054627a624a6a5a3870584d776552713763535238786d31635a44335579316a6955396146774f33746b44624c5a714b4b65386d534b43693061676270746c426c584e756841794f7a317679642b586d72797778586e31735171337848726d486b7a51484e32384d556739487474453171316c5256766d614e50466a766d754f574c6d5267575557483654684b74492f4a2b782b586a6c4a6b472b69475777795036595a713867506f2f7a4f564672535857556c7554775669714370616d32426b515750485372545a516f592b507a79324d796a6852396c706c676c4359342b51364567564a38636e4c4951316d49544b5732742f5149456146514b39422f6d63694d6853427577447a4a6f304571733061694f54637152307233464d794954726d32384c784c7a6c617952577a46396a45776f337a7a5a6165514d6e5436364a454c595a424f7743794a755230722f484e6d3641626c6e58356436696c6a3575307961744665565659312f6d4f31507079452b545a4962507471796c4d73636230487841456e353569464d54614d6175774232372f4143774a5533725547765837735572586b666c565430366e33474c456c6a586e36554a354d31743663514c53516b6e72556a4a523570662f3066576c76583676485465696a62774e4d7052614b424961704731427366453473785a43386e696f38664870303759734b33624e443854563664446932434c35562f3579637636613959573676764641783467306f58397376306e4d726b664f727a6842366b6d2f62356e355a7333475166493061566a566d4f376479652b526c79534179627962444162314a37786c69743070566964715a675a6a7473376252304f623342667a51302f5472474731306a54326e6a354341585a2b47486d666335727a7070544f376e53314559386c4451667a4f766458764f45746b71322f787337784e5578694d304a624b386d6a4d526473736570456a7965726154654a4e456c334777614351426b62746d76494935756656686b4d656f573757354445426a3036412b4f32416c68774a4671477052744b496f6d71414f76746b6f686b643250613566796158706a336f586b6553787837302b4e396858327936454c4e4e636a514c79767a66712f6d4851723477586c2f385474473062783134744534334b302f6c7a645177597a46314538307a757530377a62357930367868314635446361644c4956534f547156423669752b2b55354e5044707357654c4b625a786261754e6173456e455a696b5a61764554754433417a5745474d714c7438664a352f352f30777670383877576e4665524857744d7a394e6b7159634457777647586a434f593543704661374e32366a4e38387554777070704e323172645738796661696b566b414f2f77414c4134434756767654796a714b61706f576d33366b4554774b31612b336a6d456561496b6c6b5259552b45626467546b57536d414e78556b312f586870564a774f6f4e4344394f4b73552f4d5a2b506b665847727439566b333656714d6c486d74502f2f533958326e39306a642b4950333938714b416a675361477446703050694d445975354d776f54556a46414737546465343232384b346b4d6f6e666438522f77444f52577243372f4d6537746c72777330524b4466666a55356c365350704c444b656a7875615575344868765130706d6548464a61425635596b4832574a48546649544f7a64446d7a62793335657539626d4672614439306e3269336670317a585a4d6769376e446734766339703033387672754c52473071643161786b2b49784d6f7147385650593568484f626333387445464661522b584e7270367957397358525a2f686b5964647a576c636a504d53472b4f474d576632326c6e544c4b4b786a2b4743495570586f426d766b624c6b5243436c7547516c6c4e654f774664362f77414d6732526a61545233584f394b7948596e624a684d6f306e5031426455746e74706b39534774537262376a6f666e6c6b53527530306b3137354e302b38495339694567542b37593738523236356b6a4b51316e474376483566576a6f6f64336445325643666848794741356d496741714a6f6e364a63474d5656663254307a486c4c696277772f7a737362365a646d6c435561764878497a4b303331426f7a787542397a357575464379456441446e5368346e4b4355545a6b2b7369447842472b322f766977786d6e33422b54386a48796661525057734877437638414b526d48506d33525a2b583467487254743379444e534d6e576e7a41785134486b4b56705838666c697245507a4f59703544313574714331656e6a6b6f6331662f395031626250534a42576a554142373039387154464649614774612b4a2b5743327748616c367434566f522f6e76697946644630724e54346475344238635749334e767a342f4e752f46392b596e6d433456755157354d664c73516f70317a5961663641342b553776504a54566971456741395231706d553435466f75314871584d63594a4a4b67447871637179476e4c77527367423962666c4a354c6a744e47677537694d4765645134372f4454624f643147516b303958696a7768366c2b6a52485253684e66382b6d596f626c574c5459726356494664366d6e543279524a477a4753543631644c424852657243694b54345a527a62514b593748486353526c79753536664c4a55337744487274487437705a484254696669486a584c517a6c4732592b5862785a523737564e6436644d53445468796a525a49396e444c523270587847325658544b6c61433357686a4132472f397463414c45684b395a7455515642334f535341386b38377173656e58625649487074512f51656d5a756e35686f3148306c38325849456d37436872317a70496e5a347a49477251744850473144514f4b2b464d6b3438596b463931666c61694a35547435466f59354f4c38764546637735633349484e6d775955714e69652f664b3254526f61696c506364634b477a51727576512f53635172432f7a556372354231776d762b3835576e73534f2b54687a57332f315055397353495978312b4545626549796f704252537438517161412f72774b725276512b493767653374697a4270664934346b2b41365a47584a6c47756a38345050317973766d33584a5533523736646c494e6467314d32654156414f4c6c4e6c6838674c4e5652384a36456d682b6e4c327268744f2f4c534c4c726c6e455144366b694b667050345a526d7668646a6f782b38443777387270466257634558374b786f76772b4e426e4c796b5358707847677968585539392f77776e76564233397a36456245373762723739736753795964714d58316d346537757052465a323471533279672b3550624132644534307a39485457484b4d712f37515a5344794873526c704779786c52596e726a365050664a5a744f6b4d73726349773741456e77417872713363564b476d517a3658666d3344636c4e4b443272686b624444494164336f734343534e4770516b436f4f5574514b735436536e6c734430384d4449686a6d7158675a754c4771623079794955457649667a4675472f5256327148636a6750707a4f772f5548483150304638347535467936476d784e53446e5177355046794e4532697263453066714f784874337954416d3332782b55313058386c61577230434e474b4d4f744638637770633259656743684159476f59622b77794c4a335062625941302b6a46446979396964397148465744666d79376638712f31326a663770362b3559625a5a6a35712f77442f3166553175792b6d67334141414a2b6a4b537852437377496f6139366678785a6855582b62725877363472315758626862615a7830574e79616465687753354e73412f4e767a437a7a6137716245636133457238534e2f746e4e6e685070446a3542366d4f535366455670516e7166342f504c36636555364e4a76355a75466831765470656f45385a5a6a38386f7a66535850305a2f654239306146646d534349646668556a37686e4b486d396765544c597043794257414444746931495855485256357a644f75524a5a414d51315a596279336b7435666a745a68786c6a3631486867456e49456155394b3057485339504d476b4578577a45306a596c7146764376544c654b32416941556a3144797859746478332b715269652b746d395342795452543947544536464e6c416c4d3751724e4d62715a7179553248536c4d704a524f69475a366665695645536f354b41443735466f7169694c7559656d376375327737567954625443645475754c4d7732464b30373561477a683265596563524a667750616f314a487166486f4e71356c5970634a33634c55524d6854357a766555462f4c43776f364f794d4633337a6f34636e686333316b4a725a4834492b47774171434f3447535a524436372f4a61352b746553494934332f75535672536c4b6235695a50715a6c3670627578694374383639393872525956304b6c54743070384a3973444757796e4a4c516d7535376e436b445a673335754f772f4c7a584b47674d5330482b7947575135736e2f2f31765546757a46455652304142507454726c4b43696c6167334e5258624662566c6374385066466d433163415351795248374d696c4e753152544945624e6b432f4f377a33624e5a2b6374587458464a49706e536e516245376e364d32576e336943342b5562734875564b79634762634e554b4f352b655a546a536972577a6d423435743678794b7838616731796d65376b596470412b623761386d3668395a307178756b4e6655686a4a4938536f726e4c354255694874594734686e735632566a347453703342796d30474b573676642b7165504b704e425474675a417054636c62614c6e4d5147366a70686a47793547474d706d676c2f77436e684448534e787858636e746c33675364704851544b4376504d4d463434666d416f485537564f48775a4c4c732b59524d4e7a42637148696345476e32543347526c436e565a4953684b69455a61616d4933344b61454571443379736872495457532f61574f6d322f576d414e6b597356316134717a5562747638387469326e6b3854382b2b63706444757a61323853797a7a526b426d4e516f4f3262544267343933513637562b45654871385a65346435586c666435474c50546663376e4e354555486b736b2f565a356c4e39506c594643784243392b684a2b574c4f4a66546e2f4f50657371644f763841536674465845696649356a3542757a65385246676931327032796d364445374b6a3867434b315832375a574c596e6b6833354d616b6e703147545a6a6b776a383377562f4c76574e7757434a743763786b346330762f2f58394b324e32626f7568696549774656354f764658714f712b325571557a54616f4a3270754f6d4b41724c576c42736577774a4b7965525934576b593034417352323246652b4d755359633335362b65376864533832367471616d6f754a335a472b6b3573744f5051455a656245726d315a706736723848546273652f33356b7442437934742b4b45696f42553952553047566d4c4d463951666b3771793668355373536b6835774c364c44774d65326335716f694d3372644c4b34423674486353454171616b665a48696331306a7535705333554c71654a444a47686551647635546c6761336e4774366c726439654d6b696d502b55562b452b2b625046415539546f59786a445a514672356b436646475448543753376a4c44463238554863574f734b687248365339616e6f4d444761483034367a3961524c46324456704a2f4b4144337945717030757149504e365a70566a4e4d7253546d6a667a6451615a725a5050794f364f6d6c4e754f444874516a766b5133524c474e587530574e6d5a746743615a66414a6d51487939357a31646456312b3575453369512b6d6848516364712f5363365454773459764561334c783553574f715747786f574e4e2b7041726d573659333154617849394e5350736a7133794f42794d664a37522b522b722f414b5038317832636d304e38706a72576d34465231796e4a796258316f696a626a307251563735694573514c33565253704653752f58726742524c6d745a414b3864362f66584a7377774c3834522f79447657415451385968394871444a5135712f2f5139503236385930722b7942542b334b554549685361396638783278554b6f4e415636562f5867544a692f356936324e42386e6174666c677369514d734e54767a6b484666784f4a466b414d38596646586e33546a6f556d6e576a6747356c7445754a7834764c385666787a5a347439753547554d536a634d78723150516e7870307a4a6364564d535467416b634b554a4858662b4f56794c4b4c4c50796138347736467246786f56354a36647263735443786234524b4e6950707a56617a4678527675647a32646e4150415831445958676c5257486567427234357a737562304b4f6b5a48424a466162453465494e5a536d35306931764b6d534d6461677231466379495a4a524c6b5964525045624345625135304253435a6c69376248377379767a494c754d6661773668417965584c6d64794a35584d666a516a495331415a7a37553468365937747736624470774b524b414164794f7555537947547063755757513255796876665241346a6a5155483963687a6142424b395231416c6d616f424836734d5135414e4235442b5a6e6e535054724b5777744a5239666e42554b7535554871546d7a303244694e6e6b4855362f56434561366c345836704a626e586b31647a3439643833736554794d6a616b4a4b436e59642f6c32793178436d2b6c6d746137397a5432774675786e5a6d2f6c545545303756724b3742504b4756547431324f56544668757439783664646937736f4c6854744c477267393977446d41656167556a6674414d64774f702b574869533058436a63622f736a766b544b79727a2f41504f552f774449504e57592f612f63696e67505548664c635933562f3948302f6267474e5035715a53705669642b49366550762f6269696e467976772f5267746b586b6635765879613165614c3547674e5a6232345336756c485551774e55672b784f5759526337364274694b4435312f50753667667a75384d54417757397646454647334542615a6c615871313570504e494a787a4a6b6f614c74343039737a6e4774462b736e4e424731456366715066496c6b474f5855375158736a712f476a3867523142726c5a697648776d3376333557666d7846637851364e7264782f70365553435a6a514f76626339446e5036765355654b504a36545236345a42524f37335330314b4f55427655425668384a38536331424c74514c54625432516d6a3034672f454434484c515775514b654365324559437143666c307952354e634c744c376d534d632b583265707a4874797846692b70474d565941654e66444c4155384c46377a56306a49484d4b4e2b767a7936696b6b6835313531382b52615462504a45544c4f395669413663757850797a4e7759654d75427174574d6362654358312f507146354a655863706561556c692f7a32327a6578694273486a7332557a6c5a51785a6a7458627039475a414469796c626831707971434e6837354e676d756a4d4664754c4434753379774d3448646b2b6e62584b38534170503276636a4979354f567358326e2b584e3262767968706b7273532f7042574a2f77416e624e644955795a696f426f423978337973795a42783637477042324752427067486e2f35794c49667938316871375668422f3166554758596a5a547a662f2f53394f51742b374148576e624b697856676143703664694d695567724a356b696a65556e3932674c46756c414e366e424c594d34377645664b496c3831656374633836736177777974707468792f6c543752487a7a4941344d66766243656a35732f4f62555575767a47315978372b6a776a62754b714b5a6b6159656933487a4864352b4a3244315a68794a70763465325a7268524276645665354c534b7651723372512f52695736306e76706730376c6a78494f314257704f564464706d56585470586a6b554b654a367254714b643635584d57325953515875483565656639537449317462396a4e46487367593159447475657561505534516477395870733871414c336e53664d634d38537a49314f59427163314a695137506d6d54655942476171774e65677258366346466b4b43446b3133367733785078556465316348435777534253485639626a514d716b4e324848636b2f526c6b596c4d70426945386431664f5a707178774e75716a72394f5a414e4e4a4a4c7948387a70516b38634b6e64445869445376624e766f785a743533744c6f38386a495a6c395374474271542b735a745938335163795552464734557331534276556a714f33303561474841656130715251652b7850766861305a614b346d5572546b4475514b413447515a5459302b476c41564f35373137484954354f524459507348386f35486b386d574a63465252676f507a7a5879445939476a714234446174636f49565744667a394f78774d67486e2f414f644a2f774351633675514254393044332f33614d75776e656b6c2f39503035454656414165335478726c4b43714268556b394e36346f59622b5a4f73746f766c44554a6f6e4b334579656844542b615538616a4967635567433259755a534c793961516555504a5673586f7067746d754a69647555724c794a50766c6d57646d6d77626c384b362f716b7571617866366c3161366d65546b54754157386332754f504441423132544a5a53586d4e716b31354573705033484a68724a4662725463446d767830417151514e7a38734a4672456f536152793941616f535170487434444b75485a726e61497337694d33415a5238496f4b6a725871446b4a4130335970584a3652356242575a4a4141513368304f3261724f646e70644f39343870544a4e614a456471626354302b6a4e4c50796478486b796b615662794c7a394d676e66596b5a58784d6b4463615048474758693472346b394d50694649435574594b6b6c416f3233722f414c6557526b744b5635436b4d426468384b672b31546b72746b587a702b5974794a64534b6b67304a50766d2f7742464830764b39705339544379784d7137676b696750554478324f624d64585279357076626f536869424e4f774f537479427957656d476b6457714b392f41595134705263484c31436e51307144307069516b476b373075543937364d676f52396b4e3435584c6b35454832522b54306a536554374d436734696e343568536f4673656b7164695275523172345a6a7935736a73484d784b6264422b7249684e37504f2f7a6c4a5035643677745157487045723870426c3249584a69582f31505330624571415476537559354e46734d4c5650555a646a7566447038736953786f504b507a627530754e56387361435a46454e316565726449542f75754d5633706b38417556397a624555474c666e68357974724479524e59574c4554584a574b4f546f4176512f686b38634f4b5951547768385a33624b4e363943534b476f71656d626c3055355555474a4835635275564a7161626d6e6570375a4d43777745796f6c774479366241416b397a3232784e704539304d4c6c67774c4e5251614d52317037444956334d7645526c756e452b7546494a4159487038712f30794a33637248454132394538725836544b714871765564366a2b476166553436656930732b4c5a3752355776654a6a494a36664570327054777a533549303775504a36747064346a784b584f394f6e686d4a4a6d42616e7155796b456a6475792b4a78477a49424a6c746d596c323370337930535378767a52657059326b736e4b6c416131337234444c4d66714e4d4a796f572b572f4d743231317145736a476f646951536167646a544f71775134513854724a385579557074315553416c694641324247357a4c44676349545054706a7959447153445569686f66484357654f66524566627570522b304b4147746156376e434e6c497445514e456c3234705657413441626b6b6474385745545254697a4a2b73525376576a437038526b4333524e6c3967666b77352f777441672b796c61654e5363312b513774704e505541343430727849366e4d636d3256725763307032384268415475382f2f4f4c696679383171757843783070342b6f4d7678624d582f3958306973714a477273654f314b6a66664d636275525355367072557345446569414a4143465937302b65547049473777533775354e5a2f4d6d306b7670544f746a6275354e656a4e745432327a497767434a4c4b5441667a37314d33447832304a48316130344c793334566331705478706c756e6a766267366d5a4170344a4d2f4e7543443750515670785066664d3075704f2b79587945664743506a3349617577706b675331534646544d674b564972553730365650576e33594c534b554a4348636242425466784a486a5478776268764d6f6c47574d6f4c434a6d2b456e617651653379794c626a6e657a4a644d7558733556654938614d4b416450767a467978734f3077354445375059664b75734c4c36552f4c34434b686576746d677a514932656d777a735058744531417646754b6e78397331307852636f6330334d6f6b4f796a66763347566b30325768377555573044466d6f61564747466c4265492f6d56356a50457751743843395365354f6272523474376456724d2f434b4477693864704a433550556e4f6a6a454235484c75625572522b4c38716c5536446c302b6a4a4e466f2b32636937394d566f54552b423238634c432f556a556b416b457032566873514e3665474275346b5644774e3247556471376a705477777247695537743356556964545572583535456879514831742b544d6f506c78434742332b4d41302f566d727938325a44315148596b5550486f4f2b2b51717430674e4d7741715074487058766b37746d53382f77447a695a6d2f4c7a56743971525650536e786a4c63664e7249662f396230443663733863696f33457276772f79656d5631546144756b6e6d4943313071356d6b4e50536a4e54375533786b3367506e7253376837667a5439645770532f74484d56643655616e33675a6c512b6d6d4259542b6253537070306133432f44655848724355476f5a46324139743875786333433158307646726d6c547674516b303974742f6e345a6d4230386a756c3067493472586944767936376452584a6a5a4141576272554c3155426961394b6a7054495370534b557a5141563866384150664769516f56596a78666e747847352f686b5347334874756e756c58675a6a457a4150555555644b3938716e467a384f55466e766c752b4e746449465037747a754430552f3235724d2b4f786276394e6b3365356558627a31494670554d52337a6e386b643365785a52424c787055624878397378694730696d4e2b617456644947484b6930492b517a497851424c524f56506e507a667162585677366c697a3745304f314f314d3666545977413872724d76455746334445676f57334146537657703863324944705353705175597965514a43393641376541796643313858524757636753355555715842437332394430775531774e486446724d4367444437445542364169744f6d426c4752523042456336687931534b696e76307862625432306459343041705770324f2b2b427949485a3949666c5466534a7055666f6b4256586d534f70337058624d4b51336378362f5a3632306a634f4a5a674144375a555170696d367537306b424847676f436438697841595038416e4449422b586d72385230455a4e4f702b4d5a50483953532f77442f312f5363555a6a6263416e6f78396a3333796f7470706866357363726279667142694e585a4f494936304a366a49583667477a472b64644e4c58555767584d492f77424a456b316d35384f59716750306a4e6b51703570542b6230437936525a6839767137744556397a7564752b4845665534326f6a78526541544d513742675642483278305a65325a394f674e6f47616863626b6e783764634248524943786c7178626f50732b33345937426d41754b2f43436145566f4b39365953615a5934337a5576734653793748783730386344476b78746c4a4963456f7955494147355875506f79737552414732543656657648636f76555544664f6e5862327a437978324c754d4761694876666c485559354949704f56433671514f35464d35334c47693952686c78627376613856466f445836656d59334135636977487a68652f756268716e303042413936356c34593775426e4e42344e71456f6556795252354456573973365847486b38737430686d4837316c6a7032494172552b325a4c7170335a574573723852384a50627364746a6c6f6151614b49684c47366935555865764d654f52504a494e7952556c4675524544385a715342322b56656d446d796b4e36434f6849447079626f61476e536d49477a5a5254754b594d305249326170413744352b2b51626958752f3550616d4630396f5341374163516645453148335a6a5a485078626837786f316c793079647a3975556643656d35384d70624c33546a53693978626d496b6d534c59673443454859734f2f4f456350792f31645439734c47425166744278677843697033662f305055537172414b445462716156796c754d57492f6d44616a554e4275344636717056712b50453735564c6d325244355930424c683437335434324b3346717933646d504753453149487a417a6167677874534633357270623668706158596239374949726b2f79715a42516967775939704e4f614e7866506479683956306c586b4750476e545964362f717a5a587336557833514e78626853437678522f7a6b5659723759424a4269677041566b626a554459622b50623559436261356c46786f57673349596755626b4b622b78787530786b6551514d6b664657472b323577734164306262735643467478307233594839574a41626f354f5362525365684c41385666546a616a5633327a45794377374448735872766b75346c6a525547792f736b376a3474774d3533556e3150576154646e5531374a77494a6f33566135684f6551427a595635766158366d51476f6f484937373939387a644d50554f35312b725070654d58376866673555716168564f2f774235384d3661413265547a45576c342b46326d41714b414d6666322b5754634b55554d7146334a4b37387479546b676433466b6962636c392b516f72566f64694e2b314d6b5755596b6f69526c6136456a476f4a6f684733493943752f6867356850385359327a73593062694f584c6954515532794a4a636747303155385768636971743133392f444157584b6e7158355861714c625657516643737138517038613961394d6f6e467a4d5a73507262527766304c6244593869474e5036356a64584b68464e374f334b5873675566444b672b3859574535577737383637552f38414b7539595a67566f6b6443502b4d6733776762735979662f306653304e7a784142384e38706267556d315351584e6a64783071582b7874334f516b47324a70383336524848702f35674a465439334a4b7945644153646a6d62694e77624a686a33357461586361447173756e6c7655307937426d736d4f334643616d4d2f36703659634577545856786368394c7732355654636e31656e516c64367234567a5967374f7249333351736c756942565566425839324e7941443434474e4a4a645270486379384634376262374776674d6d493757343078757252534e48494664654563713744714b2b337a795169474d4e6c476459305a6772304b374e475238572f63653252346d795552584e304c524172384e474855377343543072536d534737534f6162516d527046695679586f61554e53613978375a6a7a4f7a7463594e68376e35487353795271346f65436d6c4b416e76746e4d366b334a362f53784c4a64537447514d52343042412f5a7a43446e6e6467506e4f3772424b676f4454674e2b6f50686d313067336452725a6245504637365a76576372396f45714364366b2b487a7a6f5273486a4d684a4c6e58393336536e6956484b7663626450444a5547764a61793355376e6a534e554a6167727979514161674c58574e65624b314b55354148626278474d6b786c53744f45646769413072564f354e647a3874386b4745364b4f74416652415169716d703439434f2b56793575586a4779636b66364a46494161413170372f414e7542754e4d79386a5343505737526558774f7770376e726c63323745583274355a63796142627178427176776b5a686c7a59795a445a442f535932723070393538634458494d592f506b716e356136794641444e476e7731335078697679796344757745582f307652764834654a727934676b66526c4c6473454c36484b4e673356717374653241386d514e6d6e7a3172466d3174353557564b565764534b2b4a79374279637159734a5a2b656a4a714e3970734b437069693545487850544a594142496c787077754c357531434977584c72553756334e447838612b3262534f3464566b46465467416458577050412b506a3242785244634d6531434d7265794951435366685a52515550544c427963504a395371767877524e31574d385a4b30362b417767556b485946447a66765a4b73614939647876392f774232566b4a4a73714b46797052545261313333596d6e5837736e45374e5a4b64364b786e766f5656695142396b37476f3748766d486e3242393774744c39516652486b387942425864654955476c4b67444f617a486437444259436661714a52435342785967696e55415a69784e7556786437782f7a724e4b574374514b7071784855396333476a37335161383354793634336b6169304936505459305062337a6641764d354969314e354859465849617072587078415051446243343875356173354350784a4e445254545931795161414b5662562b467772763348452b7750547267334b69375245703458534575434e695648345a506f796c43696a626668464a36547438423334304970582b4752506532783232546d4d73396f38617341454f793936646344655a576e5767334274726d32754f564a49797241395255484953354e324d5548327a354e7634377679355a6d745057525832364462746d45584c444e644d6379545271463257674f42424e734f2f50686a4c3542316844512b6c436a45302f7978537554687a5a524c2f395030614f58714a7438564e2b74615a533346644950683637303279456b513576454e655454523570684c53715a68494f53304f34375632797a446475663059622b5a4b522f34726939535166567a4856433450454877366450444c4d5056716b2b64504d7645367263384e70616d6c4b394b2f77436463326d503658545a2b6157524547556346415167637a316f65325361687866424c64564b2f5866732f46767a2b58666c544a52617370436c5a6b2b6a49414278715258626a576e5872345a4e706a61484a48474c3078747850436833705866386365724a535469464866667634354538326f3832512b563052746167457238463857425033385163784e54394c75644c58452b6a764b6f5262654d4b655241362b4f2f76544f587a63337363664a4f74584c43454256714b62452b4f593865626138563836446559736644695070337a6561577132644671367664357a663841706d3462306141625670576e5476544e7a446b38396d35374953516771505541446644314e666c544a754c6b7574304d516e70456737373141472f586243576b3867326d7a4c537049492b313050685775457352646f792b3951795658694734674544787073666e6869325a4c74456f33373247692f766c556439324876586237385479514f6e656e5556617938616b5547343248303546794532734b386b35624e556361654e66315a475466447a665a2f3564672f3450307a6d6468474f76664d4575644236586f6e393678596779552b455a456f4c45507a754c6a3875764d6849426c34526644333438786b73664e692f2f32513d3d, 0, '2017-10-02 14:18:36', 1);
INSERT INTO `student_details` (`USID`, `title`, `firstname`, `middlename`, `lastname`, `mName`, `fName`, `pAddress`, `cAddress`, `phone`, `mobile`, `gender`, `dob`, `religion`, `nationality`, `category`, `reserve_cat`, `phy_han`, `eco_back`, `photo`, `added_by`, `added_on`, `isActive`) VALUES
(6, 'Mr', 'Ningthoujam', '', 'Singh', 'Ningthoujam Mema Devi', 'Ningthoujam Tompishak Singh', 'Moirangkampu', 'Moirangkampu', '9615865655', '9089779715', 'Male', '1996-07-08', 'Meitei', 'Indian', 'General', 0, 0, 0, '', 0, '2017-10-02 14:13:48', 1);

-- --------------------------------------------------------

--
-- Table structure for table `trade`
--

CREATE TABLE IF NOT EXISTS `trade` (
  `id` int(2) NOT NULL,
  `name` varchar(45) NOT NULL,
  `abv` varchar(10) NOT NULL,
  `isActive` int(1) NOT NULL
) ENGINE=InnoDB AUTO_INCREMENT=5 DEFAULT CHARSET=latin1;

--
-- Dumping data for table `trade`
--

INSERT INTO `trade` (`id`, `name`, `abv`, `isActive`) VALUES
(1, 'Computer Science and Engineering', 'CSE', 1),
(2, 'Civil Engineering', 'CE', 1),
(3, 'Electronics and Communication Engineering', 'ECE', 1),
(4, 'kjnk', 'mnmm m ', 0);

--
-- Indexes for dumped tables
--

--
-- Indexes for table `course`
--
ALTER TABLE `course`
  ADD PRIMARY KEY (`id`);

--
-- Indexes for table `department`
--
ALTER TABLE `department`
  ADD PRIMARY KEY (`id`);

--
-- Indexes for table `designation`
--
ALTER TABLE `designation`
  ADD PRIMARY KEY (`id`);

--
-- Indexes for table `emp_col_relation`
--
ALTER TABLE `emp_col_relation`
  ADD UNIQUE KEY `UEID` (`UEID`);

--
-- Indexes for table `emp_details`
--
ALTER TABLE `emp_details`
  ADD PRIMARY KEY (`UEID`);

--
-- Indexes for table `emp_login`
--
ALTER TABLE `emp_login`
  ADD UNIQUE KEY `UEID` (`UEID`);

--
-- Indexes for table `exam_details`
--
ALTER TABLE `exam_details`
  ADD PRIMARY KEY (`id`);

--
-- Indexes for table `exam_type`
--
ALTER TABLE `exam_type`
  ADD PRIMARY KEY (`id`);

--
-- Indexes for table `login_history`
--
ALTER TABLE `login_history`
  ADD PRIMARY KEY (`id`);

--
-- Indexes for table `page_manager`
--
ALTER TABLE `page_manager`
  ADD PRIMARY KEY (`id`);

--
-- Indexes for table `role`
--
ALTER TABLE `role`
  ADD PRIMARY KEY (`id`);

--
-- Indexes for table `semester`
--
ALTER TABLE `semester`
  ADD PRIMARY KEY (`id`);

--
-- Indexes for table `session`
--
ALTER TABLE `session`
  ADD PRIMARY KEY (`id`);

--
-- Indexes for table `site_map`
--
ALTER TABLE `site_map`
  ADD PRIMARY KEY (`id`);

--
-- Indexes for table `student_details`
--
ALTER TABLE `student_details`
  ADD PRIMARY KEY (`USID`);

--
-- Indexes for table `trade`
--
ALTER TABLE `trade`
  ADD PRIMARY KEY (`id`);

--
-- AUTO_INCREMENT for dumped tables
--

--
-- AUTO_INCREMENT for table `course`
--
ALTER TABLE `course`
  MODIFY `id` int(1) NOT NULL AUTO_INCREMENT,AUTO_INCREMENT=5;
--
-- AUTO_INCREMENT for table `department`
--
ALTER TABLE `department`
  MODIFY `id` int(10) NOT NULL AUTO_INCREMENT,AUTO_INCREMENT=6;
--
-- AUTO_INCREMENT for table `designation`
--
ALTER TABLE `designation`
  MODIFY `id` int(10) NOT NULL AUTO_INCREMENT,AUTO_INCREMENT=3;
--
-- AUTO_INCREMENT for table `emp_details`
--
ALTER TABLE `emp_details`
  MODIFY `UEID` int(100) NOT NULL AUTO_INCREMENT,AUTO_INCREMENT=12;
--
-- AUTO_INCREMENT for table `exam_details`
--
ALTER TABLE `exam_details`
  MODIFY `id` int(100) NOT NULL AUTO_INCREMENT;
--
-- AUTO_INCREMENT for table `exam_type`
--
ALTER TABLE `exam_type`
  MODIFY `id` int(1) NOT NULL AUTO_INCREMENT,AUTO_INCREMENT=5;
--
-- AUTO_INCREMENT for table `login_history`
--
ALTER TABLE `login_history`
  MODIFY `id` int(11) NOT NULL AUTO_INCREMENT;
--
-- AUTO_INCREMENT for table `page_manager`
--
ALTER TABLE `page_manager`
  MODIFY `id` int(10) NOT NULL AUTO_INCREMENT,AUTO_INCREMENT=19;
--
-- AUTO_INCREMENT for table `role`
--
ALTER TABLE `role`
  MODIFY `id` int(10) NOT NULL AUTO_INCREMENT,AUTO_INCREMENT=3;
--
-- AUTO_INCREMENT for table `semester`
--
ALTER TABLE `semester`
  MODIFY `id` int(2) NOT NULL AUTO_INCREMENT,AUTO_INCREMENT=11;
--
-- AUTO_INCREMENT for table `session`
--
ALTER TABLE `session`
  MODIFY `id` int(5) NOT NULL AUTO_INCREMENT,AUTO_INCREMENT=5;
--
-- AUTO_INCREMENT for table `site_map`
--
ALTER TABLE `site_map`
  MODIFY `id` int(10) NOT NULL AUTO_INCREMENT,AUTO_INCREMENT=17;
--
-- AUTO_INCREMENT for table `student_details`
--
ALTER TABLE `student_details`
  MODIFY `USID` int(100) NOT NULL AUTO_INCREMENT,AUTO_INCREMENT=7;
--
-- AUTO_INCREMENT for table `trade`
--
ALTER TABLE `trade`
  MODIFY `id` int(2) NOT NULL AUTO_INCREMENT,AUTO_INCREMENT=5;
/*!40101 SET CHARACTER_SET_CLIENT=@OLD_CHARACTER_SET_CLIENT */;
/*!40101 SET CHARACTER_SET_RESULTS=@OLD_CHARACTER_SET_RESULTS */;
/*!40101 SET COLLATION_CONNECTION=@OLD_COLLATION_CONNECTION */;
